Employee_ID,Employee_Name,Base_Salary,Bonus,Benefits,Location,Department,Job_Title,Compensation_Type,Date_of_Hire
101,Lindsay Brown,50134,2434,10889,"Sydney, Australia",HR,R&D Scientist,Salary,17-04-2017
102,Dale Lopez,108436,6799,12042,"London, UK",Marketing,Software Engineer,Salary,06-05-2019
103,Joshua Brady,75002,3946,8032,"Chicago, USA",Finance,R&D Scientist,Contract,11-01-2024
104,Brandon Winters,112053,7950,11863,"Chicago, USA",Marketing,Finance Analyst,Salary + Bonus,16-06-2024
105,Alexandra Nelson,57944,6886,14435,"Bengaluru, India",Customer Support,Legal Counsel,Commission,20-01-2024
106,Dr. Daniel Johnson,72664,2952,7125,"London, UK",Legal,Software Engineer,Commission,14-10-2022
107,Holly Nelson,137503,8528,5596,"Boston, USA",Finance,Product Manager,Commission,17-05-2023
108,Anne Atkinson,121311,5392,8265,"Chicago, USA",IT,Product Manager,Commission,31-12-2016
109,Katie Hill,70450,7245,13967,"New York, USA",Legal,Software Engineer,Hourly,21-08-2020
110,Jasmine Boyer,72763,6004,8844,"Bengaluru, India",IT,Finance Analyst,Salary,21-01-2019
111,Brian Thompson,108526,10973,10087,"Boston, USA",IT,Operations Manager,Hourly,19-06-2016
112,Scott Tucker,67812,5983,9924,"Chicago, USA",HR,Product Manager,Salary + Bonus,28-12-2019
113,Derek Serrano,55579,1818,12257,"Sydney, Australia",Operations,DevOps Engineer,Hourly,03-04-2019
114,Julie Vaughn,61650,3490,12316,"Sydney, Australia",R&D,Finance Analyst,Salary,05-06-2020
115,Nathan Bruce,71458,7703,12305,"Toronto, Canada",IT,Customer Support Specialist,Commission,20-11-2020
116,Lindsay Hall,136590,12655,9770,"Seattle, USA",R&D,R&D Scientist,Salary,25-04-2019
117,Jennifer Carpenter,123657,10733,7395,"Sydney, Australia",Legal,Senior Software Engineer,Contract,21-01-2024
118,Diane Miller,105701,8258,6691,"Austin, USA",Legal,HR Coordinator,Commission,01-03-2021
119,Courtney Young,103355,10783,7948,"New York, USA",Sales,Marketing Lead,Commission,13-07-2019
120,Joan Collins,71938,7574,14432,"Seattle, USA",Sales,Marketing Coordinator,Contract,10-11-2015
121,John Cannon,40384,5186,10252,"Seattle, USA",Customer Support,R&D Scientist,Contract,27-02-2016
122,Donald Smith,50967,5108,11145,"Sydney, Australia",Customer Support,Marketing Lead,Salary,19-03-2018
123,William Gibson,109652,16393,8846,"Austin, USA",HR,DevOps Engineer,Salary,27-08-2020
124,Debbie Arnold,111276,15415,9322,"Chicago, USA",Legal,Senior Software Engineer,Commission,05-10-2016
125,Stephanie Mathis,103404,10231,5881,"Toronto, Canada",Product,Sales Manager,Salary + Bonus,18-05-2019
126,Jose Gonzalez,81722,6671,5478,"Sydney, Australia",Operations,Marketing Lead,Hourly,12-03-2016
127,Gary Moore,94761,9808,9855,"Sydney, Australia",R&D,R&D Scientist,Commission,26-10-2017
128,Timothy Mccullough,77457,11153,14285,"London, UK",Marketing,HR Coordinator,Salary + Bonus,25-09-2015
129,Benjamin George,148017,6399,8016,"Boston, USA",IT,HR Coordinator,Salary + Bonus,01-12-2019
130,Monica White,59400,8652,12623,"San Francisco, USA",R&D,Customer Support Specialist,Salary + Bonus,19-02-2016
131,George Chavez,55226,6097,13480,"Chicago, USA",Sales,Product Manager,Salary,24-03-2021
132,Kim Grant,146909,10903,13934,"Boston, USA",Customer Support,Sales Representative,Hourly,14-08-2015
133,Craig Gilmore,122140,11220,9648,"London, UK",Marketing,Marketing Coordinator,Commission,08-04-2024
134,Sheri Bell,89912,5115,12008,"San Francisco, USA",Customer Support,HR Coordinator,Salary,17-10-2020
135,Stephen Davis,91368,4063,13411,"Boston, USA",Operations,Senior Software Engineer,Salary,28-12-2023
136,Cathy Ramsey,134065,16086,7892,"Toronto, Canada",Finance,R&D Scientist,Salary + Bonus,05-12-2019
137,Robin Gallagher,100782,5232,11545,"London, UK",Marketing,Product Manager,Salary + Bonus,11-08-2017
138,Mark Patton,75846,5376,14520,"London, UK",Marketing,Senior Software Engineer,Salary,17-08-2017
139,Jessica Cook,100336,11504,11352,"Seattle, USA",Sales,Senior Software Engineer,Contract,07-12-2023
140,Beth Turner,71498,8913,12452,"Boston, USA",Sales,Operations Manager,Salary,28-09-2019
141,Tina Brewer,87552,6898,11703,"New York, USA",HR,Marketing Coordinator,Salary + Bonus,23-07-2018
142,Kristin Turner,136411,13349,5568,"Toronto, Canada",Product,Marketing Lead,Hourly,16-11-2024
143,Keith Dunn,101604,11412,5575,"London, UK",Legal,Senior Software Engineer,Salary + Bonus,30-05-2023
144,Colleen Day,132427,5321,8679,"Boston, USA",Customer Support,Sales Manager,Commission,08-09-2024
145,Charles Wilson,87258,6780,14089,"San Francisco, USA",Finance,Customer Support Specialist,Commission,27-05-2017
146,James Harris,143410,7925,11863,"Boston, USA",HR,Finance Analyst,Contract,06-06-2021
147,Nancy Johnson,50354,4167,10033,"San Francisco, USA",HR,Finance Analyst,Commission,20-01-2018
148,Ashley Martin,46698,3012,8664,"Chicago, USA",IT,R&D Scientist,Contract,02-04-2018
149,Michael Nguyen,121025,3691,8349,"Toronto, Canada",Customer Support,DevOps Engineer,Commission,15-12-2017
150,Jared Miller,56061,6608,7173,"New York, USA",Operations,Software Engineer,Commission,12-07-2023
151,Jason Sosa,126563,17694,14996,"Seattle, USA",IT,R&D Scientist,Commission,20-11-2020
152,Fernando Torres,71685,8908,12575,"Seattle, USA",IT,Finance Analyst,Hourly,09-09-2023
153,Rebekah Brown,101161,12567,12447,"Toronto, Canada",IT,Marketing Lead,Commission,18-10-2018
154,Robert Johnson,135800,17798,10839,"Sydney, Australia",Finance,Senior Software Engineer,Commission,13-10-2022
155,Patricia Smith,64004,6722,8739,"London, UK",Finance,DevOps Engineer,Salary + Bonus,12-02-2015
156,Danielle Lynn,95626,10573,8909,"San Francisco, USA",Marketing,Software Engineer,Contract,13-10-2021
157,Tanya Phillips,81899,3947,11544,"Boston, USA",Legal,Senior Software Engineer,Hourly,21-12-2018
158,Rebecca Thomas,140754,4979,13998,"Sydney, Australia",HR,Senior Software Engineer,Contract,29-04-2018
159,James Rivera,57686,5342,7357,"Boston, USA",Operations,Senior Software Engineer,Salary + Bonus,23-09-2016
160,Frances Montgomery,91504,9241,5998,"Boston, USA",Operations,Marketing Coordinator,Salary,09-09-2022
161,Ernest Estes,149056,20254,12953,"Austin, USA",Customer Support,Marketing Lead,Salary,22-01-2015
162,Michael Small,140744,17372,10840,"Bengaluru, India",Sales,R&D Scientist,Salary + Bonus,24-04-2024
163,Mark Anderson,44073,4162,11942,"Bengaluru, India",R&D,Finance Analyst,Salary + Bonus,26-04-2021
164,Paul Woods,120377,15768,14086,"Toronto, Canada",Legal,Operations Manager,Salary + Bonus,10-06-2019
165,Ryan Rose,78663,7428,14781,"Boston, USA",Marketing,Senior Software Engineer,Hourly,23-06-2021
166,Thomas Johnson,140560,18853,10173,"London, UK",Marketing,Customer Support Specialist,Salary + Bonus,05-03-2019
167,Judy Reid,61213,8409,12942,"London, UK",IT,Senior Software Engineer,Hourly,25-07-2020
168,Crystal Coleman,104172,7190,6882,"Seattle, USA",IT,Sales Manager,Hourly,18-10-2024
169,David Nelson,83065,4007,11379,"Bengaluru, India",Marketing,Senior Software Engineer,Commission,05-08-2022
170,Roberto Brennan,77957,4379,12824,"New York, USA",Product,DevOps Engineer,Salary,05-09-2016
171,Christopher Lee,117728,15978,6961,"Toronto, Canada",R&D,Operations Manager,Hourly,02-08-2016
172,Sara Mcclure,130123,14714,12445,"Sydney, Australia",Operations,Operations Manager,Salary,29-04-2016
173,Jeff Liu,142726,19894,6595,"Boston, USA",Marketing,Marketing Coordinator,Commission,25-01-2017
174,Linda Pacheco,74274,8445,11521,"New York, USA",Product,Customer Support Specialist,Salary,02-09-2024
175,Elizabeth Morris,49385,2032,9807,"Sydney, Australia",HR,Software Engineer,Salary + Bonus,20-11-2016
176,Nicholas Cherry,51577,7192,13074,"Boston, USA",Marketing,Sales Representative,Commission,12-08-2020
177,Elijah Myers,122041,6280,10310,"Bengaluru, India",IT,Senior Software Engineer,Hourly,01-07-2022
178,Karina Nash,61581,7141,14983,"London, UK",IT,Product Manager,Salary + Bonus,15-12-2018
179,Amy Jones,75499,5748,6789,"Toronto, Canada",HR,Product Manager,Contract,22-04-2024
180,Carla Simon,102333,7917,9197,"Toronto, Canada",Customer Support,Finance Analyst,Contract,29-01-2018
181,Nicholas Salazar,81629,8881,12907,"Seattle, USA",Marketing,R&D Scientist,Salary,02-12-2021
182,Catherine Hawkins,52889,6775,11671,"San Francisco, USA",Legal,R&D Scientist,Commission,05-08-2015
183,Tracy Lopez,84014,3642,7384,"New York, USA",Operations,HR Coordinator,Commission,16-03-2023
184,Karen Barnes,142962,10469,10587,"New York, USA",Legal,Product Manager,Salary,10-04-2018
185,Monica Rocha,51304,6766,6185,"Chicago, USA",Marketing,Sales Manager,Salary,02-02-2021
186,Kara Briggs,74208,2728,7390,"New York, USA",R&D,Marketing Coordinator,Salary + Bonus,16-02-2021
187,Tracy Brown,66844,7307,7537,"New York, USA",Operations,Marketing Lead,Commission,11-09-2024
188,Amber Sweeney,105673,3668,7788,"Seattle, USA",Finance,Finance Analyst,Commission,07-05-2019
189,Justin Smith,62223,7480,11882,"London, UK",R&D,Senior Software Engineer,Salary + Bonus,28-07-2018
190,Jason Clark,55842,2639,6882,"New York, USA",Customer Support,Customer Support Specialist,Commission,14-07-2016
191,Debra Stone,40774,4327,10542,"Sydney, Australia",Legal,R&D Scientist,Commission,21-04-2024
192,Roger Smith,116090,14592,6297,"San Francisco, USA",Finance,Marketing Coordinator,Commission,06-05-2017
193,Tracy Daniel,61067,2325,6853,"London, UK",HR,Marketing Coordinator,Hourly,05-05-2024
194,Nicole Baker,136486,8810,12017,"Bengaluru, India",Marketing,Customer Support Specialist,Hourly,04-11-2018
195,Jessica Parker,79871,10201,10906,"Chicago, USA",IT,DevOps Engineer,Contract,08-02-2017
196,Michael Schaefer,110560,4527,7177,"Boston, USA",Marketing,DevOps Engineer,Salary + Bonus,21-02-2023
197,Joseph Strong,104416,11215,10797,"Toronto, Canada",Operations,Finance Analyst,Salary,18-01-2022
198,Stephen Coleman,65855,7966,12120,"Boston, USA",Marketing,Senior Software Engineer,Salary,19-02-2015
199,Michael Garcia,132116,18982,8760,"Toronto, Canada",Operations,Customer Support Specialist,Commission,12-04-2019
200,Denise Johnson,85760,5000,5881,"Seattle, USA",R&D,HR Coordinator,Salary + Bonus,11-08-2018
201,Andrew Carter,146266,9328,10999,"Toronto, Canada",IT,Sales Representative,Hourly,19-05-2019
202,Yolanda Hatfield,40853,6095,8695,"Chicago, USA",Customer Support,Software Engineer,Salary + Bonus,26-01-2017
203,Valerie Lamb,127952,10693,7084,"London, UK",Sales,Sales Manager,Hourly,26-06-2016
204,Katrina Barber DVM,46021,5272,12798,"San Francisco, USA",Sales,Finance Analyst,Salary,05-12-2015
205,James Tran,78846,11179,10084,"London, UK",Product,Finance Analyst,Contract,21-08-2023
206,Jason Donovan,75186,10299,6652,"London, UK",Finance,HR Coordinator,Salary,18-09-2017
207,Chris White,114560,6340,11179,"Toronto, Canada",Marketing,Sales Manager,Salary,26-07-2024
208,Brian Frazier,111980,16745,9828,"Austin, USA",IT,DevOps Engineer,Commission,11-06-2021
209,Jeffrey Ramirez,137120,17956,6063,"New York, USA",Customer Support,Product Manager,Commission,17-05-2022
210,Julia Clarke,81913,5154,6312,"San Francisco, USA",Marketing,Customer Support Specialist,Contract,05-06-2015
211,Michael Gonzales,58891,2654,10706,"Sydney, Australia",IT,Product Manager,Hourly,19-01-2019
212,Michael Jones,130165,8565,14065,"Chicago, USA",Customer Support,Customer Support Specialist,Hourly,17-01-2024
213,James Davis,91516,12648,10127,"Boston, USA",Legal,R&D Scientist,Salary,15-01-2020
214,Kevin Dennis,69753,3634,14040,"San Francisco, USA",Customer Support,Marketing Coordinator,Hourly,19-11-2016
215,Regina Hall,70492,10172,5671,"Sydney, Australia",IT,Sales Representative,Salary,18-12-2024
216,Alvin Long,83700,10107,5821,"Sydney, Australia",Product,Sales Representative,Salary + Bonus,28-09-2022
217,John Ortega,41244,4373,13373,"San Francisco, USA",Product,Sales Manager,Contract,08-03-2018
218,Cheryl Flores,129205,4014,14248,"Austin, USA",Customer Support,Product Manager,Salary + Bonus,02-12-2017
219,Stephen Lopez,40710,1710,7617,"New York, USA",Product,Customer Support Specialist,Hourly,12-01-2020
220,Tyler Berry,128953,6625,12721,"Sydney, Australia",Finance,DevOps Engineer,Hourly,29-11-2021
221,Sara Green,119782,16272,10688,"San Francisco, USA",HR,Product Manager,Commission,30-12-2021
222,Joshua Dougherty,98192,3810,9701,"San Francisco, USA",IT,Finance Analyst,Salary + Bonus,13-12-2015
223,Ruth Soto,125210,6413,12224,"Sydney, Australia",Customer Support,Product Manager,Contract,24-07-2018
224,Henry Patel,88963,8173,10831,"Chicago, USA",Finance,DevOps Engineer,Hourly,13-10-2023
225,Tina Davis,112182,11676,5528,"Chicago, USA",IT,Finance Analyst,Contract,19-09-2024
226,Joshua Harris,119391,17315,6257,"Austin, USA",R&D,Marketing Lead,Contract,10-06-2024
227,Jessica Rivera,92075,10619,12687,"London, UK",IT,HR Coordinator,Commission,19-07-2017
228,Sonya Murphy,49877,1883,7323,"Seattle, USA",R&D,Senior Software Engineer,Commission,01-06-2016
229,Heidi Jackson,60441,7599,11137,"Boston, USA",Operations,R&D Scientist,Hourly,16-04-2024
230,Tara Sanchez,105962,9698,6741,"Boston, USA",Legal,Customer Support Specialist,Salary + Bonus,20-07-2022
231,Elizabeth Navarro,106831,9516,12652,"Austin, USA",Marketing,R&D Scientist,Salary,09-04-2016
232,Jerry Brown,92184,3738,6391,"San Francisco, USA",R&D,Sales Manager,Salary,12-11-2021
233,Lauren Jones,68680,4968,9583,"San Francisco, USA",HR,DevOps Engineer,Salary + Bonus,06-01-2020
234,Patricia Hopkins,126509,16198,7783,"Boston, USA",R&D,Sales Manager,Hourly,26-06-2018
235,Alfred Gonzales,76979,9182,9103,"Chicago, USA",Product,DevOps Engineer,Contract,19-12-2024
236,Kelli Mejia,55694,3612,8255,"London, UK",IT,Operations Manager,Contract,25-06-2020
237,Michael Johnson,100616,11000,14646,"London, UK",Finance,Software Engineer,Salary,09-04-2017
238,Jimmy Martinez,40205,5472,14027,"Boston, USA",HR,Legal Counsel,Hourly,13-01-2016
239,Michael Zimmerman,80255,8585,11195,"San Francisco, USA",Customer Support,R&D Scientist,Commission,07-04-2022
240,Robert Monroe,85888,4603,9892,"Toronto, Canada",Product,HR Coordinator,Commission,12-03-2022
241,Angela Fleming,63712,4666,10615,"London, UK",Legal,R&D Scientist,Salary + Bonus,18-03-2024
242,Daniel Wilson,80368,11095,6993,"Austin, USA",Finance,DevOps Engineer,Salary,03-06-2024
243,Madeline Heath,47062,2094,6531,"San Francisco, USA",IT,Sales Representative,Contract,17-02-2020
244,Michael Kim,69912,5187,13260,"Boston, USA",IT,Software Engineer,Contract,24-07-2020
245,Carrie Park,93829,4808,8824,"London, UK",HR,Operations Manager,Salary,20-08-2017
246,Steve Williams,82295,11232,10256,"Toronto, Canada",Product,Operations Manager,Contract,10-12-2021
247,Jessica Holmes,132513,13364,8215,"San Francisco, USA",Customer Support,Legal Counsel,Contract,18-12-2019
248,Christopher Jarvis,99471,13858,14489,"London, UK",R&D,HR Coordinator,Contract,05-12-2021
249,Scott Lopez,53576,2317,7287,"Toronto, Canada",R&D,Legal Counsel,Hourly,30-06-2017
250,Candice Nelson,91007,6749,5075,"Sydney, Australia",Operations,Sales Manager,Contract,04-12-2015
251,Kristi Bishop,132629,17466,7794,"Sydney, Australia",Customer Support,Software Engineer,Commission,23-05-2016
252,Larry Stephens,97434,8827,10257,"Seattle, USA",R&D,Customer Support Specialist,Commission,22-08-2016
253,Matthew Craig,143666,17390,11462,"London, UK",IT,Senior Software Engineer,Salary,13-05-2023
254,Holly Allen,72687,8291,14565,"London, UK",IT,HR Coordinator,Hourly,20-07-2018
255,Juan Davidson,137753,10045,14993,"New York, USA",Customer Support,Senior Software Engineer,Commission,16-10-2023
256,Barbara Gutierrez,147172,18472,8607,"Sydney, Australia",Legal,Senior Software Engineer,Salary + Bonus,29-06-2021
257,Kristy Owens,99579,4322,5155,"Austin, USA",Sales,Finance Analyst,Contract,07-04-2021
258,Virginia Camacho,130249,15331,11925,"San Francisco, USA",Sales,DevOps Engineer,Salary + Bonus,21-03-2015
259,Sarah Garcia,66235,3360,5340,"New York, USA",Operations,Legal Counsel,Contract,12-07-2022
260,Kathleen Jones,143701,9646,6888,"Chicago, USA",Product,Legal Counsel,Salary + Bonus,22-02-2015
261,Paul Kirby,88013,7814,10545,"Austin, USA",Marketing,DevOps Engineer,Commission,25-12-2015
262,Susan Meza,89685,10341,10897,"Boston, USA",Marketing,Senior Software Engineer,Salary,17-09-2015
263,Julian Oliver,43852,2890,14302,"Toronto, Canada",Product,HR Coordinator,Salary + Bonus,10-03-2017
264,Gina Gentry,116153,8806,9397,"Chicago, USA",IT,Product Manager,Contract,02-02-2018
265,Jacob Anderson,107228,5956,8016,"San Francisco, USA",Sales,Senior Software Engineer,Contract,08-04-2023
266,Kenneth Banks,125309,11494,12913,"New York, USA",Sales,R&D Scientist,Hourly,22-03-2024
267,Jennifer Reyes,108161,13081,5157,"Boston, USA",Marketing,Finance Analyst,Salary,05-04-2024
268,Anna Wilson,139003,10177,7653,"Bengaluru, India",Sales,R&D Scientist,Salary + Bonus,05-12-2019
269,Kathryn Dunn,70024,6058,6132,"New York, USA",Sales,R&D Scientist,Salary + Bonus,23-08-2024
270,Kristine Mcgee MD,83976,11418,6995,"San Francisco, USA",Product,Software Engineer,Contract,09-02-2024
271,Daniel Johnson,49990,1592,6579,"Boston, USA",Legal,Sales Representative,Hourly,03-09-2017
272,Jessica Price,111532,6854,13866,"Bengaluru, India",Sales,R&D Scientist,Hourly,26-07-2022
273,Adam Harmon,101174,13419,14805,"Chicago, USA",Legal,Product Manager,Commission,01-10-2021
274,Phillip Ramirez,44761,3652,10179,"Seattle, USA",HR,Operations Manager,Salary + Bonus,13-08-2015
275,Dawn Boyer,42974,3613,6795,"Toronto, Canada",Sales,Senior Software Engineer,Salary + Bonus,24-09-2019
276,Candace Mason,122951,9534,11672,"Bengaluru, India",Legal,DevOps Engineer,Hourly,17-04-2024
277,Kevin Smith,110925,9228,13378,"San Francisco, USA",Product,Operations Manager,Contract,11-03-2019
278,Gary Porter,86737,9071,12367,"Boston, USA",Legal,Legal Counsel,Salary,06-05-2015
279,Michael Blevins,84435,9628,8962,"London, UK",Legal,Sales Manager,Salary + Bonus,11-09-2020
280,Angie Smith,45257,5754,5247,"San Francisco, USA",Finance,Marketing Lead,Salary + Bonus,15-07-2015
281,Samantha Sims,85545,4050,14141,"Chicago, USA",Sales,R&D Scientist,Commission,11-11-2019
282,Sheila Freeman,146307,12666,11101,"Bengaluru, India",IT,HR Coordinator,Contract,10-03-2019
283,Kayla Haley,113250,16389,9875,"London, UK",Customer Support,Product Manager,Salary,15-12-2022
284,Kristie Haley,91611,9876,7013,"Chicago, USA",Sales,Sales Representative,Contract,22-10-2019
285,Tammy Miller,106328,3479,8103,"Austin, USA",IT,Customer Support Specialist,Salary,10-04-2021
286,Hannah Martin,124541,10110,10132,"London, UK",Sales,HR Coordinator,Hourly,28-09-2016
287,William Mendoza,80134,4369,9981,"Austin, USA",R&D,Sales Manager,Contract,20-12-2018
288,Brenda Morris,83938,8956,10696,"Bengaluru, India",Sales,Product Manager,Contract,15-06-2017
289,Danielle Baker,74650,5677,9544,"Chicago, USA",Marketing,Finance Analyst,Contract,07-06-2019
290,Judith Cole,69444,2655,6479,"Austin, USA",HR,DevOps Engineer,Contract,24-07-2020
291,Jessica Skinner,91778,8782,13898,"Chicago, USA",Sales,Sales Manager,Commission,24-02-2019
292,Jacob Reed,137677,13760,8575,"New York, USA",Product,Marketing Lead,Salary + Bonus,15-11-2021
293,Rachael Bennett,69678,7565,12205,"Boston, USA",Sales,Finance Analyst,Salary,20-06-2018
294,Frank Diaz,76906,3745,12572,"San Francisco, USA",R&D,Sales Representative,Commission,16-04-2024
295,Darrell Jones,99892,13429,5766,"Boston, USA",Customer Support,Senior Software Engineer,Salary,20-02-2017
296,Brian Wilson,94614,5043,11400,"Bengaluru, India",Marketing,Sales Representative,Salary + Bonus,29-07-2023
297,Spencer Norris,67676,7396,12270,"Austin, USA",R&D,Senior Software Engineer,Salary + Bonus,01-11-2018
298,Jacob Oliver,93645,5288,10380,"Chicago, USA",Marketing,Sales Manager,Contract,31-08-2023
299,Kristine Kelly,94659,10141,5971,"Austin, USA",Marketing,HR Coordinator,Salary,19-08-2022
300,David Gonzales,79436,5788,14168,"Bengaluru, India",Operations,Marketing Coordinator,Salary,13-06-2015
301,Amanda Rogers,74210,11039,10934,"Sydney, Australia",Operations,HR Coordinator,Salary,25-09-2024
302,Ricky Maynard,89072,5516,12210,"San Francisco, USA",R&D,DevOps Engineer,Salary + Bonus,06-03-2024
303,Brent Perez,96512,11918,7842,"Sydney, Australia",Operations,Sales Manager,Hourly,13-07-2024
304,Michelle Barber,44431,5610,9640,"San Francisco, USA",IT,Sales Manager,Hourly,26-11-2022
305,Scott Hamilton,43142,2409,9467,"Austin, USA",R&D,Customer Support Specialist,Contract,14-05-2021
306,Nancy Long,72760,8226,14132,"Chicago, USA",Finance,Finance Analyst,Contract,21-03-2018
307,Denise Valdez,90912,12991,11376,"Austin, USA",Finance,DevOps Engineer,Hourly,23-06-2020
308,Timothy George,142616,5885,9648,"London, UK",Finance,HR Coordinator,Commission,31-12-2016
309,Wendy Brooks DDS,102798,4887,12402,"New York, USA",R&D,DevOps Engineer,Commission,16-10-2021
310,Sarah Jones,44829,5191,6914,"Austin, USA",Sales,Operations Manager,Contract,15-06-2023
311,Steven Rodriguez,87973,2916,13071,"Austin, USA",Product,Sales Manager,Salary,24-07-2020
312,Glenn Diaz,64267,2534,10879,"Bengaluru, India",Legal,Customer Support Specialist,Commission,06-12-2023
313,Christopher Shannon,95819,4774,10367,"Toronto, Canada",Customer Support,Marketing Coordinator,Hourly,05-02-2023
314,Jonathon Taylor,43589,3954,8014,"London, UK",Customer Support,Product Manager,Commission,30-11-2019
315,Mary Taylor,87598,2749,5458,"Austin, USA",R&D,Software Engineer,Contract,06-01-2024
316,Diana Bryant,134127,18810,12202,"Bengaluru, India",Finance,Sales Representative,Contract,05-06-2015
317,Jeffrey Gordon,111433,16367,14129,"London, UK",Finance,DevOps Engineer,Salary + Bonus,17-09-2015
318,Alyssa Mayer,136847,18857,11488,"London, UK",Customer Support,Product Manager,Commission,19-02-2017
319,Samuel Lewis,144517,13813,13040,"Chicago, USA",HR,Finance Analyst,Salary,18-08-2023
320,Stephanie Lee,48298,2650,8433,"Seattle, USA",Sales,Sales Representative,Salary,18-12-2019
321,Melissa Smith,41022,5491,5621,"London, UK",Product,Marketing Lead,Salary + Bonus,07-09-2023
322,Sara Price,139660,10677,12088,"Bengaluru, India",IT,Customer Support Specialist,Contract,27-10-2024
323,Michael Yang,78633,8372,13599,"San Francisco, USA",Legal,Software Engineer,Commission,07-03-2022
324,Laura Riley,85881,8483,5740,"Toronto, Canada",Sales,Customer Support Specialist,Hourly,11-01-2018
325,Lori Page,149438,6988,9487,"Sydney, Australia",IT,R&D Scientist,Contract,08-05-2017
326,Susan Haynes,62312,7718,7306,"Austin, USA",R&D,Legal Counsel,Salary,04-04-2018
327,Hannah Wilson,93263,4630,11138,"Boston, USA",HR,Finance Analyst,Salary + Bonus,26-09-2023
328,Wendy Young,145429,21389,13996,"Seattle, USA",Product,Product Manager,Salary,12-11-2017
329,Anna Jones,73433,6271,10380,"Seattle, USA",Operations,Operations Manager,Hourly,27-03-2015
330,Stephanie Benjamin,83945,9146,10912,"Sydney, Australia",Operations,Marketing Coordinator,Salary + Bonus,23-01-2019
331,Rachel Rose,71997,10248,6453,"Austin, USA",Finance,DevOps Engineer,Salary + Bonus,30-08-2016
332,Martin Farley,72741,3552,11131,"Seattle, USA",Customer Support,HR Coordinator,Salary + Bonus,02-02-2024
333,Kayla Robinson,56366,5854,10541,"San Francisco, USA",Sales,Legal Counsel,Salary + Bonus,26-08-2021
334,Jason Mora,77641,3001,8893,"New York, USA",Customer Support,R&D Scientist,Salary + Bonus,18-11-2021
335,Joyce Wagner,134714,18879,9098,"Bengaluru, India",Sales,DevOps Engineer,Salary + Bonus,27-02-2015
336,Miguel Chen,47167,5004,12340,"Boston, USA",Sales,HR Coordinator,Commission,28-04-2021
337,Charlene Gilbert,93578,9850,14959,"Sydney, Australia",Finance,R&D Scientist,Salary + Bonus,28-03-2018
338,James Sanders,44464,2964,7675,"Toronto, Canada",Finance,R&D Scientist,Contract,23-08-2024
339,Logan Henry,113088,3930,5401,"Sydney, Australia",Product,Senior Software Engineer,Commission,01-04-2018
340,Kari Hicks,104334,5304,8270,"San Francisco, USA",Finance,Legal Counsel,Contract,03-12-2017
341,Alyssa Brewer,98955,11780,9918,"Toronto, Canada",R&D,Product Manager,Commission,26-10-2020
342,Sean Doyle,146610,19745,12316,"Bengaluru, India",Sales,Sales Manager,Salary,02-09-2019
343,Bryan Salazar,122033,9284,12903,"Boston, USA",Product,Marketing Coordinator,Commission,06-02-2021
344,Gary Sanchez,50258,7199,14556,"Chicago, USA",Customer Support,Sales Manager,Commission,22-09-2024
345,Jeffrey Leon,64889,2611,13109,"San Francisco, USA",R&D,Sales Manager,Salary + Bonus,08-11-2015
346,Nathan Greene,78346,4451,5503,"Toronto, Canada",Legal,R&D Scientist,Salary,07-04-2016
347,Nicole Henson,108122,13788,7185,"Toronto, Canada",Marketing,Marketing Coordinator,Salary,19-10-2016
348,Curtis West,96215,13274,11807,"New York, USA",Finance,Software Engineer,Hourly,21-02-2016
349,Ashley Smith,101286,5398,14493,"Austin, USA",Product,Finance Analyst,Contract,02-05-2024
350,Jessica Payne,82687,11817,14001,"Bengaluru, India",Operations,Sales Representative,Salary,31-12-2021
351,Julie Miller,127360,18955,11722,"Boston, USA",Operations,Operations Manager,Salary + Bonus,10-05-2019
352,Jonathan Jackson,103937,10450,12198,"Austin, USA",Finance,HR Coordinator,Salary + Bonus,19-04-2022
353,Christopher Norris,64305,5727,13723,"Toronto, Canada",Product,Sales Representative,Commission,09-11-2019
354,Shawna Soto,132609,7877,14899,"London, UK",IT,Sales Manager,Commission,10-10-2015
355,Regina Fernandez,55103,3548,11552,"London, UK",IT,Operations Manager,Salary + Bonus,06-02-2015
356,Kristin Porter,144157,21225,9896,"Sydney, Australia",HR,Operations Manager,Commission,02-12-2017
357,Victoria Scott,107883,3913,7485,"Seattle, USA",Marketing,Finance Analyst,Salary + Bonus,19-06-2020
358,Justin Fitzgerald,137480,5345,6173,"Toronto, Canada",IT,Sales Manager,Salary,07-04-2021
359,Jay Murphy,113729,10543,6333,"Bengaluru, India",IT,Sales Manager,Salary,07-05-2021
360,Marilyn Levy,105007,13584,7241,"Toronto, Canada",Customer Support,Marketing Lead,Salary,04-09-2020
361,Veronica Thompson,42347,3484,5693,"London, UK",R&D,Sales Manager,Salary,24-01-2015
362,Jennifer Greene,138813,6999,5894,"Sydney, Australia",R&D,Operations Manager,Contract,13-11-2020
363,Carol Gomez,83008,2636,13383,"Sydney, Australia",Finance,Software Engineer,Contract,28-04-2024
364,Casey Rodriguez,71348,3293,5276,"Sydney, Australia",Finance,Sales Representative,Hourly,12-10-2022
365,Amanda Cox,130528,17339,11496,"Chicago, USA",Sales,Sales Representative,Hourly,13-08-2015
366,Tamara Edwards,135563,13013,10486,"San Francisco, USA",Operations,Software Engineer,Salary + Bonus,27-04-2021
367,Christine Smith,61151,7179,10848,"Seattle, USA",Legal,Sales Representative,Contract,28-05-2020
368,Maria Mccullough,84983,2968,13565,"New York, USA",Finance,Marketing Lead,Salary + Bonus,26-09-2023
369,Kevin Sanders,99641,8945,8714,"London, UK",Legal,Customer Support Specialist,Salary,24-02-2020
370,Beth Morrison,41059,1383,8828,"Sydney, Australia",Marketing,Operations Manager,Salary + Bonus,18-02-2023
371,Alexandra Moore,147549,8977,7792,"Austin, USA",IT,Product Manager,Commission,16-11-2015
372,Thomas Underwood,103848,4174,7547,"San Francisco, USA",Operations,Product Manager,Hourly,08-02-2021
373,Nancy Li,93663,4728,7553,"Seattle, USA",Customer Support,Finance Analyst,Salary + Bonus,07-07-2017
374,Clifford Johnson,58480,3909,9128,"Bengaluru, India",Legal,Software Engineer,Commission,27-11-2024
375,Joshua Vaughn,93604,7858,11967,"Toronto, Canada",R&D,DevOps Engineer,Commission,27-02-2017
376,Richard Freeman,137841,15207,5966,"Seattle, USA",Legal,HR Coordinator,Commission,06-04-2022
377,Kristen Simpson,92636,10064,11074,"Sydney, Australia",Marketing,Marketing Coordinator,Salary,07-01-2022
378,James Holland,110972,14785,10884,"Seattle, USA",Sales,Operations Manager,Hourly,07-06-2020
379,Gregory Stephenson,75331,7307,9606,"Chicago, USA",Finance,Senior Software Engineer,Hourly,22-08-2023
380,Thomas Jones MD,130210,18553,7681,"Chicago, USA",Finance,DevOps Engineer,Contract,15-06-2018
381,Brandon Chavez,75781,7464,13434,"Austin, USA",Marketing,Operations Manager,Salary,15-04-2022
382,Haley Burns,110018,15292,13750,"San Francisco, USA",Finance,R&D Scientist,Commission,15-06-2024
383,Mrs. Chelsea Padilla,124385,9503,9763,"San Francisco, USA",HR,DevOps Engineer,Salary + Bonus,30-11-2023
384,Carmen Webb,93015,4528,13219,"Toronto, Canada",Marketing,Software Engineer,Commission,07-10-2023
385,James Brady,142559,5587,8533,"San Francisco, USA",Customer Support,Legal Counsel,Hourly,20-02-2019
386,Jade Rosales,137017,6670,6221,"Sydney, Australia",Finance,Finance Analyst,Salary,16-08-2022
387,Nicholas Rocha,55114,5328,13069,"London, UK",Operations,R&D Scientist,Contract,01-07-2021
388,Alicia Marshall,132300,4137,10158,"New York, USA",R&D,R&D Scientist,Commission,27-10-2019
389,Donald Smith,141631,6597,5017,"Bengaluru, India",Marketing,Sales Representative,Salary + Bonus,05-04-2015
390,Martin Acevedo,129070,9380,7062,"Toronto, Canada",Sales,Customer Support Specialist,Salary,22-04-2022
391,Betty Castro,149574,16640,10605,"Boston, USA",Sales,Marketing Coordinator,Contract,11-05-2022
392,Jennifer Hill,53731,6022,9263,"Bengaluru, India",Legal,Operations Manager,Salary + Bonus,16-08-2017
393,Linda Martin,65899,2606,14087,"San Francisco, USA",HR,Finance Analyst,Hourly,29-06-2016
394,Jeffrey Sweeney,107432,8862,5185,"Toronto, Canada",Customer Support,Sales Manager,Commission,03-03-2022
395,Heidi Scott,80648,4824,6353,"Chicago, USA",Sales,Customer Support Specialist,Contract,13-10-2021
396,Susan Bush,86873,7757,8303,"Austin, USA",Finance,Legal Counsel,Salary + Bonus,09-09-2017
397,Connie Acevedo,94961,9067,12550,"Austin, USA",Legal,Finance Analyst,Salary + Bonus,10-03-2022
398,Kelli Garza,78591,10150,10145,"Sydney, Australia",IT,HR Coordinator,Salary,12-10-2018
399,Eileen Martinez,45356,2363,11472,"Chicago, USA",IT,DevOps Engineer,Contract,29-07-2016
400,Caleb Mayer,116890,4733,11439,"Boston, USA",Customer Support,HR Coordinator,Contract,27-05-2016
401,Ashley Brown,145503,13790,8810,"New York, USA",Finance,Customer Support Specialist,Hourly,27-03-2023
402,Emily Monroe,119368,7596,7771,"Sydney, Australia",Operations,Finance Analyst,Salary + Bonus,27-10-2017
403,Todd Oconnor,109776,9507,11625,"Bengaluru, India",Sales,HR Coordinator,Commission,16-12-2016
404,Shannon Ferguson,48072,2889,14409,"Austin, USA",HR,Marketing Lead,Commission,23-12-2018
405,Angela Young,60443,5913,13000,"Austin, USA",Marketing,Operations Manager,Contract,27-11-2018
406,Gregory Jones,67802,7337,12791,"London, UK",Finance,HR Coordinator,Salary + Bonus,15-06-2016
407,Susan Fry MD,137301,6471,7021,"London, UK",Finance,Legal Counsel,Contract,06-12-2020
408,Dustin George,77727,8883,6141,"San Francisco, USA",Marketing,Product Manager,Salary,19-02-2022
409,Samuel Bryan,141439,5021,12433,"San Francisco, USA",Customer Support,Senior Software Engineer,Hourly,26-01-2015
410,Cristian Blair,144033,17121,6721,"San Francisco, USA",Product,Sales Representative,Hourly,02-09-2018
411,Zachary Walker,123247,14113,14351,"Chicago, USA",R&D,HR Coordinator,Salary,10-03-2018
412,Shane Brown,73710,2700,6578,"Chicago, USA",Finance,Operations Manager,Hourly,31-08-2020
413,Lori Rose,149376,19639,6764,"Chicago, USA",IT,R&D Scientist,Salary,04-07-2020
414,Elizabeth Armstrong,93141,4664,10616,"Toronto, Canada",HR,R&D Scientist,Commission,30-05-2017
415,Heather Harrell,64917,7558,11428,"Toronto, Canada",R&D,R&D Scientist,Contract,26-12-2016
416,Heidi Brewer,118809,13630,9534,"New York, USA",Product,DevOps Engineer,Contract,06-02-2023
417,Sydney Graham,64106,8449,13627,"Sydney, Australia",IT,R&D Scientist,Commission,21-03-2023
418,Alison Melton,100316,9563,11900,"Boston, USA",Product,Product Manager,Salary,11-09-2019
419,Kelly Hernandez,47295,2436,11083,"Boston, USA",Legal,Software Engineer,Hourly,19-11-2024
420,Victor Sanchez,69470,8236,9514,"Austin, USA",R&D,Customer Support Specialist,Contract,09-07-2017
421,Rodney Rojas,71948,3041,14025,"San Francisco, USA",HR,Finance Analyst,Hourly,09-03-2020
422,John Henderson,56874,6105,12528,"London, UK",Legal,Senior Software Engineer,Salary,07-11-2015
423,Evan Dunn,135317,6619,7163,"Seattle, USA",HR,Product Manager,Contract,12-03-2023
424,Javier Collins,146716,16028,6355,"Seattle, USA",R&D,R&D Scientist,Commission,02-12-2022
425,Robert Mccormick,65164,7950,9794,"Toronto, Canada",Product,R&D Scientist,Salary + Bonus,01-05-2015
426,Jorge Nelson,79242,10162,13304,"New York, USA",Sales,Legal Counsel,Salary + Bonus,19-10-2021
427,Kayla Jordan,148542,16480,11999,"Austin, USA",R&D,Software Engineer,Salary,18-02-2023
428,Chelsea Schmidt,125040,5714,7684,"Seattle, USA",IT,HR Coordinator,Contract,02-12-2016
429,Melinda Sawyer,141100,16752,6820,"Seattle, USA",Finance,Customer Support Specialist,Contract,03-02-2022
430,Nicole Murphy,70052,6142,14309,"Chicago, USA",R&D,Senior Software Engineer,Salary,14-10-2019
431,Rickey Hendricks,101726,12595,11114,"San Francisco, USA",Sales,Marketing Coordinator,Hourly,07-02-2017
432,Jason Smith,90038,6200,9649,"Sydney, Australia",Finance,Sales Manager,Contract,29-12-2016
433,Eric Montoya,115683,11589,8655,"San Francisco, USA",Product,Sales Manager,Contract,08-02-2021
434,Ethan Stanley,103424,14748,10812,"Chicago, USA",R&D,DevOps Engineer,Contract,02-10-2022
435,Sheri Li,129151,6957,9618,"San Francisco, USA",HR,R&D Scientist,Salary + Bonus,22-09-2016
436,Aaron Mullins,93980,3231,12108,"Sydney, Australia",Legal,Senior Software Engineer,Hourly,25-10-2020
437,Jenny Rodriguez,133585,14558,13355,"Bengaluru, India",Sales,Software Engineer,Hourly,10-04-2016
438,Nicole Allen,108003,12219,13212,"Toronto, Canada",Finance,Customer Support Specialist,Salary,02-12-2019
439,Mr. William Bailey,49171,6397,13150,"Chicago, USA",HR,DevOps Engineer,Salary + Bonus,18-06-2023
440,Leslie Fowler,115124,4935,7083,"Sydney, Australia",Customer Support,R&D Scientist,Hourly,15-12-2021
441,Kimberly Trevino,58585,4879,5389,"Austin, USA",Legal,DevOps Engineer,Salary + Bonus,07-12-2015
442,Donald Forbes,123031,5733,11637,"San Francisco, USA",IT,Finance Analyst,Commission,09-12-2022
443,Rebecca Gonzalez,104235,14102,10119,"Toronto, Canada",Customer Support,Sales Manager,Salary + Bonus,19-03-2015
444,Julie Powell,45475,2456,14016,"Toronto, Canada",Marketing,Software Engineer,Hourly,23-07-2021
445,Edward Wood,131064,17299,11597,"Chicago, USA",Sales,Software Engineer,Salary + Bonus,23-08-2021
446,Kathleen King,73826,10582,6903,"Boston, USA",R&D,Finance Analyst,Hourly,18-12-2019
447,Norman Garner,104394,14769,8980,"Boston, USA",Marketing,R&D Scientist,Hourly,06-01-2020
448,Joseph Sanders,61619,7760,12843,"Seattle, USA",Marketing,Software Engineer,Hourly,13-02-2024
449,Bob Lee,132533,8595,12071,"Toronto, Canada",HR,HR Coordinator,Commission,07-09-2021
450,Cristina Oneill,90265,9998,12875,"Bengaluru, India",HR,Marketing Lead,Hourly,21-02-2016
451,William Gomez,73632,9894,5386,"London, UK",R&D,HR Coordinator,Hourly,29-07-2023
452,Stephen Fox,146897,17283,13986,"Bengaluru, India",Operations,Sales Manager,Commission,10-11-2022
453,Christopher Wyatt,130143,18674,6388,"New York, USA",Sales,R&D Scientist,Commission,05-10-2022
454,William George,43653,4530,11839,"Toronto, Canada",Marketing,R&D Scientist,Contract,09-02-2022
455,Kimberly Terrell,50485,2474,9114,"Bengaluru, India",Product,Operations Manager,Commission,09-01-2017
456,Sabrina Morales DDS,42570,2628,12867,"New York, USA",Customer Support,Operations Manager,Contract,15-04-2016
457,William Anderson,64160,6489,10554,"Austin, USA",Customer Support,Legal Counsel,Salary + Bonus,06-01-2021
458,Gary Edwards,107501,3614,7660,"London, UK",Sales,R&D Scientist,Salary + Bonus,01-11-2018
459,Robert Smith,76749,11422,6648,"Sydney, Australia",Finance,Product Manager,Contract,09-04-2020
460,Lauren Baker,54449,5581,14462,"Boston, USA",Operations,Customer Support Specialist,Salary,11-03-2024
461,Shane Clark,78807,6553,9329,"Toronto, Canada",IT,Marketing Coordinator,Hourly,09-04-2016
462,Mrs. Rachel Hanson,44106,3895,6838,"Sydney, Australia",HR,Sales Representative,Salary + Bonus,01-09-2016
463,Eric Johnson,86054,3931,8486,"Sydney, Australia",Marketing,Sales Manager,Commission,14-01-2017
464,Denise Bailey,89130,6598,8965,"Chicago, USA",Legal,Finance Analyst,Contract,15-07-2019
465,Jamie Livingston,106425,3959,7170,"Chicago, USA",Sales,Senior Software Engineer,Commission,11-02-2020
466,Kristin Hill,103480,4919,14790,"Chicago, USA",R&D,HR Coordinator,Salary + Bonus,02-10-2020
467,Amber Harrell,82106,9777,12937,"London, UK",Sales,Marketing Lead,Commission,28-02-2023
468,Robert Freeman,69318,2647,11256,"San Francisco, USA",Legal,Customer Support Specialist,Salary + Bonus,17-02-2018
469,Helen Burns,60710,5833,10180,"Boston, USA",R&D,Product Manager,Contract,07-10-2023
470,Christina Anthony,129718,10400,13120,"Seattle, USA",R&D,Product Manager,Hourly,13-09-2021
471,Kylie Christian,128417,16289,11145,"Sydney, Australia",HR,Sales Representative,Commission,19-08-2023
472,William Baker,55222,4126,8274,"New York, USA",Customer Support,Marketing Lead,Contract,20-07-2019
473,Shannon Smith,142671,21346,10332,"New York, USA",Sales,HR Coordinator,Commission,18-02-2015
474,Robert Garza,148092,13937,5916,"Seattle, USA",Operations,Marketing Lead,Hourly,04-08-2017
475,Craig Small,122610,14925,7373,"New York, USA",R&D,Customer Support Specialist,Commission,12-11-2021
476,Erika Jackson,77896,5017,9059,"Sydney, Australia",Marketing,Software Engineer,Salary + Bonus,18-09-2018
477,Michelle Garcia,128207,6731,6313,"Sydney, Australia",R&D,Marketing Lead,Commission,05-05-2021
478,Nathan Lane,55829,2215,14882,"Boston, USA",Legal,Legal Counsel,Salary + Bonus,07-01-2021
479,Aaron Garcia,96965,10971,11195,"Boston, USA",Customer Support,Senior Software Engineer,Hourly,07-01-2015
480,Ashley Davis,95074,7848,5728,"Seattle, USA",Customer Support,Sales Representative,Commission,11-12-2019
481,Steven Miller,114570,4584,7977,"New York, USA",Marketing,Marketing Coordinator,Commission,16-01-2016
482,Roy Gonzales,101064,7933,11208,"Boston, USA",IT,Marketing Lead,Contract,17-08-2022
483,Diana Garrett,59488,7515,11017,"Bengaluru, India",Product,Legal Counsel,Commission,14-02-2021
484,Cynthia Johnson,146321,14927,11585,"Toronto, Canada",Legal,HR Coordinator,Salary + Bonus,11-07-2022
485,Kelly Wilson,83198,6204,8405,"New York, USA",Product,Product Manager,Commission,08-02-2018
486,Brian Thomas,43076,1645,14469,"Bengaluru, India",Sales,Legal Counsel,Salary + Bonus,19-02-2024
487,Timothy Wood,45288,6733,9297,"San Francisco, USA",IT,Sales Manager,Salary + Bonus,04-11-2018
488,Sarah Hogan,85565,8571,6599,"Seattle, USA",HR,Legal Counsel,Contract,24-07-2018
489,Joseph Valdez,149732,21537,5775,"Sydney, Australia",Operations,DevOps Engineer,Contract,30-09-2022
490,Angela Davis,129357,7831,9521,"Bengaluru, India",HR,Marketing Coordinator,Hourly,19-11-2024
491,Steve Ramirez,75439,6913,13181,"London, UK",Product,Sales Representative,Commission,28-06-2016
492,Chelsea Payne,84642,7565,8586,"Bengaluru, India",IT,Finance Analyst,Contract,28-07-2022
493,Anthony Bryant,70308,8981,6516,"Bengaluru, India",Finance,R&D Scientist,Commission,25-09-2020
494,Michelle English,104274,6389,12180,"San Francisco, USA",Product,Senior Software Engineer,Contract,01-02-2021
495,Regina Garner,62718,7384,5748,"Bengaluru, India",Finance,Customer Support Specialist,Salary + Bonus,13-02-2022
496,Maria Price,79370,10549,5933,"Bengaluru, India",HR,HR Coordinator,Salary,30-03-2020
497,Bradley Stewart,122109,14717,12967,"Chicago, USA",Finance,Marketing Coordinator,Contract,06-05-2021
498,William Buchanan,40769,4050,9700,"Bengaluru, India",R&D,R&D Scientist,Salary,27-10-2021
499,Tiffany Mitchell,110985,11511,8587,"Seattle, USA",Finance,Software Engineer,Salary,04-01-2024
500,Stephen Stanley,65713,3267,6618,"New York, USA",Operations,Legal Counsel,Hourly,10-07-2019
501,Monica Miller,93560,7665,5119,"Chicago, USA",Sales,Senior Software Engineer,Hourly,31-10-2015
502,Jeanette Hurst DDS,93696,7269,6501,"Sydney, Australia",IT,Sales Representative,Contract,25-05-2016
503,Mrs. Julie Rose,66307,2626,13681,"New York, USA",HR,Operations Manager,Salary,26-11-2016
504,Miranda Sanders,128026,18999,5504,"Austin, USA",Legal,Legal Counsel,Commission,08-09-2023
505,Rita Morris,117655,6461,11848,"Sydney, Australia",Marketing,Software Engineer,Commission,06-05-2018
506,Benjamin Bradley,143788,15371,9678,"Seattle, USA",Legal,Sales Representative,Hourly,29-04-2015
507,David Day,101538,10266,5650,"Chicago, USA",Finance,Customer Support Specialist,Hourly,30-07-2020
508,James Berry,114652,15634,13645,"London, UK",R&D,Finance Analyst,Commission,13-01-2018
509,Victor Sutton,103778,10484,8193,"Chicago, USA",IT,Product Manager,Commission,27-03-2020
510,Michelle Bender,49294,6364,11887,"London, UK",Product,Marketing Lead,Salary,13-11-2020
511,Erica Oneill MD,128728,12989,6849,"Seattle, USA",IT,Legal Counsel,Commission,08-07-2019
512,Sherry Lewis,107585,16035,13311,"Toronto, Canada",Customer Support,HR Coordinator,Hourly,14-12-2024
513,Luis Greene,58004,8449,13872,"Seattle, USA",Customer Support,R&D Scientist,Salary + Bonus,03-01-2016
514,Joshua White,59051,5541,14169,"Boston, USA",Product,DevOps Engineer,Salary,27-01-2024
515,Hayden Bell,83570,6907,12330,"Chicago, USA",Finance,Finance Analyst,Contract,06-04-2023
516,Leslie Garcia,93241,9471,9742,"Austin, USA",Product,Marketing Lead,Commission,17-03-2022
517,Jennifer Schneider,69406,8038,14764,"Chicago, USA",Sales,Marketing Coordinator,Commission,10-07-2019
518,Michael Smith,111678,3893,7048,"Bengaluru, India",Marketing,DevOps Engineer,Commission,19-01-2024
519,Tracy Williams,52781,5300,13904,"New York, USA",Marketing,Sales Manager,Salary + Bonus,16-10-2020
520,Jon Erickson,128478,7366,10477,"Sydney, Australia",Finance,Senior Software Engineer,Salary,28-03-2017
521,Tyler Davis,100125,9661,7309,"Sydney, Australia",Customer Support,DevOps Engineer,Commission,17-10-2016
522,Vincent Allen MD,108111,3960,11330,"San Francisco, USA",Finance,Customer Support Specialist,Hourly,27-09-2023
523,Mr. James Harris,69320,5774,12929,"New York, USA",Sales,Product Manager,Commission,01-05-2018
524,Jessica Acevedo,83290,8657,10438,"New York, USA",Sales,R&D Scientist,Contract,21-05-2019
525,Grant Schmidt,101143,8909,10839,"Bengaluru, India",Operations,Customer Support Specialist,Hourly,13-02-2015
526,Howard Wallace,149866,11830,13961,"San Francisco, USA",Customer Support,Customer Support Specialist,Commission,28-07-2022
527,Thomas Gay,134423,13615,6232,"Bengaluru, India",Legal,Operations Manager,Commission,17-04-2020
528,James Nelson,55089,3520,12394,"London, UK",HR,R&D Scientist,Hourly,30-05-2015
529,Lee Holloway,113500,9950,12827,"Austin, USA",Legal,Marketing Coordinator,Hourly,06-06-2016
530,Nancy Love,142051,16588,13785,"Chicago, USA",Operations,Sales Representative,Salary + Bonus,22-07-2018
531,Jessica Galvan,120356,9813,7185,"Toronto, Canada",R&D,Legal Counsel,Contract,23-05-2019
532,Rebecca Blackwell,104273,6218,12642,"New York, USA",Sales,Finance Analyst,Hourly,15-04-2022
533,Rachael Ramos,123614,18432,10899,"Chicago, USA",Sales,Legal Counsel,Commission,20-09-2020
534,Keith Hill,135698,7742,10296,"Toronto, Canada",Legal,Finance Analyst,Commission,11-03-2023
535,Ian Ramos,70772,5499,7188,"Bengaluru, India",Marketing,R&D Scientist,Hourly,14-03-2021
536,April Banks,96042,13435,8909,"New York, USA",IT,Sales Representative,Hourly,17-02-2018
537,Jose Smith,49444,3902,13409,"Chicago, USA",Customer Support,Senior Software Engineer,Salary + Bonus,01-07-2016
538,Melissa Wong,60389,5543,13531,"Seattle, USA",Product,Sales Manager,Contract,09-09-2016
539,Victoria Garcia,131029,19094,6285,"Seattle, USA",Finance,Finance Analyst,Hourly,26-08-2015
540,Ian Greene,51933,3370,14230,"Seattle, USA",Legal,Marketing Coordinator,Commission,20-11-2019
541,Richard Hunt,94511,10199,5122,"Sydney, Australia",Sales,Operations Manager,Commission,13-11-2024
542,Michael Mathis,60603,2514,10263,"Austin, USA",Marketing,Marketing Coordinator,Salary,16-10-2021
543,Justin Chang,128090,10471,13159,"Seattle, USA",Legal,Product Manager,Hourly,03-05-2023
544,Michael Hernandez,65656,8677,14136,"New York, USA",Operations,Product Manager,Hourly,08-05-2017
545,Joshua Pace,108102,7868,5095,"London, UK",IT,Finance Analyst,Contract,21-11-2023
546,Brandon King,66249,9565,12067,"Bengaluru, India",Finance,Software Engineer,Salary,28-10-2016
547,Danielle Zamora,129599,17275,8934,"Boston, USA",Operations,Customer Support Specialist,Commission,16-01-2019
548,Crystal Harrell,74062,3605,14878,"Sydney, Australia",Product,R&D Scientist,Contract,10-05-2020
549,Casey Hammond,102973,14238,10199,"Boston, USA",R&D,Marketing Coordinator,Salary,30-12-2015
550,Scott Baker,122926,15256,12651,"Toronto, Canada",Sales,DevOps Engineer,Salary + Bonus,31-07-2021
551,Jordan Rodriguez,133399,15687,12410,"New York, USA",HR,R&D Scientist,Salary,22-12-2016
552,Jason Hurst,139582,9621,12698,"Toronto, Canada",IT,Legal Counsel,Contract,01-08-2024
553,Randy Morris,112071,14876,13310,"New York, USA",Finance,Senior Software Engineer,Contract,30-04-2024
554,Alan Barrera,132599,5213,14124,"Bengaluru, India",Customer Support,Legal Counsel,Commission,06-03-2018
555,Arthur Taylor,45613,5960,7990,"Sydney, Australia",Operations,HR Coordinator,Contract,28-11-2017
556,Brittany Wood,92311,13576,7759,"Austin, USA",R&D,Senior Software Engineer,Hourly,04-03-2024
557,Jeremiah Doyle,90149,9937,8399,"San Francisco, USA",Finance,Customer Support Specialist,Hourly,30-12-2019
558,William Diaz,80518,9112,6351,"Austin, USA",Sales,Operations Manager,Salary,21-06-2023
559,Travis Jones,115379,16284,7304,"Bengaluru, India",IT,Sales Manager,Commission,23-09-2019
560,Andrew French,53472,3350,7522,"Chicago, USA",Finance,Legal Counsel,Commission,16-11-2016
561,Kathryn Gilmore,70114,2743,14072,"San Francisco, USA",R&D,Senior Software Engineer,Hourly,13-01-2024
562,Sean Powell,139085,5427,8860,"Seattle, USA",R&D,Sales Manager,Contract,08-12-2023
563,Allen Garcia,56274,7491,12578,"Bengaluru, India",Product,Finance Analyst,Hourly,18-03-2024
564,Daniel Baldwin,56391,3171,8580,"Toronto, Canada",Legal,Legal Counsel,Salary + Bonus,27-08-2016
565,Brandon Mitchell,146464,5940,6648,"New York, USA",Customer Support,Customer Support Specialist,Salary,28-02-2024
566,Jonathan Larson,124147,7591,12147,"Seattle, USA",Product,Marketing Lead,Salary + Bonus,05-07-2020
567,Lisa James,59878,2679,10435,"San Francisco, USA",Sales,Marketing Coordinator,Contract,27-06-2024
568,Donna Williams,103340,3451,9209,"Toronto, Canada",R&D,R&D Scientist,Contract,04-08-2023
569,Jackie Brown,109585,13714,6250,"San Francisco, USA",Product,Customer Support Specialist,Commission,03-08-2019
570,Heather Gould,122994,13859,10108,"Bengaluru, India",Sales,Marketing Lead,Hourly,09-05-2021
571,Terri Mosley,51860,6257,9720,"Bengaluru, India",IT,Sales Manager,Contract,09-03-2023
572,Sarah Arnold,112992,6760,8193,"New York, USA",Product,Operations Manager,Commission,29-01-2018
573,Jean Miller,127626,6841,5770,"San Francisco, USA",R&D,DevOps Engineer,Commission,17-02-2023
574,Elizabeth Rubio,149837,13226,11525,"Sydney, Australia",IT,Legal Counsel,Commission,22-09-2021
575,Devin Mcdonald,69681,6979,8587,"London, UK",Finance,Product Manager,Salary + Bonus,28-07-2019
576,Sheri Spears,138714,20265,10499,"London, UK",Product,Legal Counsel,Commission,23-10-2020
577,Nancy Fuentes,114177,8375,8414,"Austin, USA",Finance,Software Engineer,Contract,24-04-2020
578,Juan Friedman,115046,10736,11489,"Toronto, Canada",HR,Finance Analyst,Commission,04-08-2022
579,Casey Hughes,120930,6696,9870,"Seattle, USA",IT,Marketing Lead,Salary,18-12-2018
580,Dale Martinez,50033,5158,7658,"Seattle, USA",Legal,Senior Software Engineer,Commission,29-01-2023
581,Lindsey Peck,112193,15690,6973,"New York, USA",Product,Software Engineer,Hourly,21-01-2019
582,Stacey Lee,76663,5922,13648,"Bengaluru, India",Legal,Sales Manager,Hourly,17-10-2019
583,Marcus Scott,137365,10537,14098,"San Francisco, USA",HR,Senior Software Engineer,Salary,04-12-2020
584,Michelle Williams MD,121973,12899,12201,"New York, USA",Sales,Finance Analyst,Commission,28-09-2020
585,Kimberly Terry,111891,14979,14814,"Chicago, USA",Customer Support,R&D Scientist,Commission,04-09-2024
586,Christopher Lyons,83761,9898,7234,"Toronto, Canada",IT,Sales Representative,Hourly,23-09-2022
587,Erika Boyd,92758,11259,13354,"Bengaluru, India",Customer Support,Software Engineer,Commission,17-06-2018
588,Charles Rodriguez,71510,8624,8510,"Austin, USA",R&D,Finance Analyst,Salary + Bonus,23-06-2018
589,Lindsey Clark,64212,5425,14922,"New York, USA",Operations,Marketing Coordinator,Commission,21-06-2023
590,David Adkins,96656,4714,10946,"Toronto, Canada",Finance,Operations Manager,Commission,04-09-2020
591,Sharon Monroe,97524,3099,13462,"Boston, USA",R&D,Marketing Coordinator,Hourly,10-04-2022
592,Michele Morgan,106404,7176,11769,"Austin, USA",IT,Customer Support Specialist,Hourly,21-02-2024
593,Vanessa Thompson,56958,6678,8518,"New York, USA",Marketing,R&D Scientist,Commission,28-03-2018
594,Kevin Henderson,110787,16475,9162,"Seattle, USA",Marketing,HR Coordinator,Hourly,05-11-2020
595,Kristina Hernandez,56576,6307,12723,"New York, USA",Operations,R&D Scientist,Commission,07-07-2023
596,Edwin Jackson,60760,4251,7374,"Boston, USA",Finance,Senior Software Engineer,Salary + Bonus,25-12-2019
597,James Hopkins,116887,14315,5902,"Austin, USA",IT,HR Coordinator,Commission,29-04-2019
598,Dominic Martin,77053,6216,9818,"Bengaluru, India",Legal,DevOps Engineer,Contract,04-05-2023
599,Ashley Roberts,64973,3315,12356,"Austin, USA",Product,Marketing Coordinator,Salary,03-06-2016
600,Mary Ramirez,116062,14735,13317,"Seattle, USA",Operations,Customer Support Specialist,Salary + Bonus,23-03-2023
601,Crystal Lopez,149327,4689,9433,"Austin, USA",Operations,Software Engineer,Contract,12-03-2018
602,Jennifer Campbell,128842,10423,11120,"London, UK",Sales,Senior Software Engineer,Salary + Bonus,06-09-2020
603,Brittney Crawford,140397,10197,12330,"Toronto, Canada",Sales,Finance Analyst,Salary,10-09-2017
604,Elizabeth Clarke,47524,1670,14903,"London, UK",Operations,Operations Manager,Commission,18-08-2017
605,Dr. Jamie Martinez,101390,4887,8420,"Sydney, Australia",Sales,DevOps Engineer,Salary + Bonus,25-12-2021
606,Stacy Long,48922,7276,7849,"Boston, USA",IT,Sales Representative,Salary + Bonus,07-02-2024
607,Chad Cummings,41709,2731,14049,"San Francisco, USA",IT,HR Coordinator,Hourly,07-11-2022
608,Jennifer Anderson,44513,6560,10088,"Chicago, USA",Sales,Product Manager,Hourly,22-02-2015
609,Brandy Peters,90136,12488,12238,"New York, USA",HR,Finance Analyst,Commission,02-07-2022
610,Steven Lopez,129318,13639,13071,"Sydney, Australia",Sales,HR Coordinator,Salary,02-06-2022
611,Samuel Smith,143267,6260,13404,"Boston, USA",Customer Support,Marketing Lead,Salary + Bonus,04-10-2022
612,Kelly Wilkinson,94613,3643,10592,"Austin, USA",Operations,Operations Manager,Salary + Bonus,16-01-2015
613,Leonard Ray,55020,1881,5706,"San Francisco, USA",Customer Support,Operations Manager,Contract,05-10-2020
614,Kathleen Dunn,78787,6117,9105,"Sydney, Australia",R&D,Marketing Coordinator,Hourly,25-03-2017
615,Dustin Perkins,143430,5709,11753,"Boston, USA",Product,Finance Analyst,Commission,05-12-2022
616,Amanda George,71247,2428,6538,"New York, USA",Sales,Sales Representative,Hourly,07-05-2015
617,Brandy Bell,49293,5133,5999,"New York, USA",Finance,DevOps Engineer,Contract,12-10-2020
618,Russell Wade,122392,6514,12291,"Austin, USA",Product,Marketing Coordinator,Contract,07-06-2019
619,Rachel Wilson,87260,8687,12823,"Chicago, USA",Product,Sales Representative,Salary,20-09-2021
620,Amanda Haynes,79761,8673,8208,"Sydney, Australia",Marketing,Customer Support Specialist,Salary,06-06-2022
621,Katie Wells,103410,8204,10944,"Seattle, USA",Finance,Software Engineer,Salary + Bonus,11-08-2021
622,Nancy Suarez,53307,7559,13895,"Seattle, USA",HR,R&D Scientist,Salary,06-02-2015
623,Michael Cordova,54694,2618,10526,"London, UK",IT,Sales Representative,Salary + Bonus,12-07-2018
624,Charles Merritt,149456,13759,10337,"Austin, USA",Legal,HR Coordinator,Hourly,07-10-2024
625,Daniel White,88226,6083,13083,"Chicago, USA",IT,Product Manager,Hourly,11-06-2024
626,Daniel Davis MD,145804,9379,8290,"Seattle, USA",Sales,Legal Counsel,Commission,02-09-2021
627,Kelly Clarke,68381,4008,5565,"San Francisco, USA",Legal,Sales Manager,Contract,02-06-2022
628,Leonard Perez,85365,5304,13331,"Boston, USA",Marketing,R&D Scientist,Commission,11-05-2022
629,Paul Nelson DDS,67071,5603,7260,"Seattle, USA",HR,Operations Manager,Salary,26-10-2018
630,Charles Cook,143544,14814,12518,"Boston, USA",Product,Operations Manager,Salary,25-03-2020
631,Thomas Smith,101885,5289,9292,"Austin, USA",HR,DevOps Engineer,Commission,19-02-2018
632,Richard Davis,87533,7565,13118,"Austin, USA",Marketing,Software Engineer,Salary,13-09-2022
633,Terry Escobar,129633,5862,13984,"Austin, USA",R&D,Marketing Coordinator,Salary,08-09-2017
634,Brian Brown PhD,60901,5994,13687,"London, UK",Product,Customer Support Specialist,Commission,03-06-2019
635,Alexander Burns,139026,18139,8456,"London, UK",Sales,Senior Software Engineer,Contract,14-02-2015
636,Drew Mathis,118358,11569,7930,"Sydney, Australia",Sales,Customer Support Specialist,Hourly,06-03-2020
637,Jamie Obrien,139753,14370,6062,"San Francisco, USA",Legal,Operations Manager,Commission,23-01-2020
638,Robert Garcia,115205,17207,8289,"Toronto, Canada",Legal,R&D Scientist,Contract,31-08-2015
639,Jackie Moore,143052,12377,5259,"Chicago, USA",IT,Senior Software Engineer,Commission,06-04-2021
640,David Martinez,72437,4550,11598,"London, UK",IT,HR Coordinator,Commission,01-08-2021
641,Deborah Davis,113633,7748,14709,"Chicago, USA",Operations,DevOps Engineer,Salary + Bonus,14-07-2015
642,Danielle Burton,65899,9210,10894,"Toronto, Canada",IT,Software Engineer,Commission,28-05-2022
643,Brittany Vasquez,52794,2409,10726,"London, UK",Legal,Software Engineer,Hourly,23-10-2024
644,Thomas Poole,103147,14930,6624,"Sydney, Australia",Finance,Sales Manager,Hourly,01-12-2017
645,Mark Rowe,52958,7853,14818,"New York, USA",Finance,Software Engineer,Commission,19-07-2019
646,Holly Griffin,114552,4593,8708,"Austin, USA",R&D,R&D Scientist,Contract,02-10-2022
647,Courtney Steele,89014,3975,7623,"Bengaluru, India",Legal,Marketing Coordinator,Hourly,30-04-2019
648,Ricky Thomas,45646,3060,11358,"Austin, USA",IT,Legal Counsel,Salary + Bonus,14-06-2018
649,Frank Lewis,124188,16687,7915,"Sydney, Australia",Legal,Software Engineer,Hourly,04-12-2017
650,Frances Ellis,111018,7964,13203,"London, UK",R&D,Sales Representative,Salary + Bonus,13-11-2019
651,Barbara Myers,80535,7887,14014,"Bengaluru, India",Legal,Legal Counsel,Hourly,15-11-2020
652,Ashley Moore,126001,12549,5432,"Chicago, USA",Operations,R&D Scientist,Commission,21-10-2015
653,Cynthia Hernandez,58940,7963,14356,"Chicago, USA",Finance,Finance Analyst,Contract,29-01-2016
654,Jonathan Peterson,47644,5595,13612,"Austin, USA",Legal,Sales Manager,Salary,21-03-2024
655,Lonnie Solis,147865,12310,13642,"Seattle, USA",IT,Finance Analyst,Hourly,21-06-2019
656,Kimberly Gould,126870,12868,12983,"Austin, USA",Marketing,Legal Counsel,Commission,24-04-2024
657,David Ellis,142600,12020,12111,"Seattle, USA",Finance,Marketing Coordinator,Salary + Bonus,06-05-2022
658,John Hernandez,82534,5405,9936,"Toronto, Canada",HR,Legal Counsel,Salary + Bonus,18-05-2022
659,Anthony Thomas,82945,9039,12244,"Boston, USA",Operations,Senior Software Engineer,Contract,15-01-2024
660,Shannon Johnson,74331,2685,14590,"New York, USA",Operations,DevOps Engineer,Contract,25-03-2015
661,Kristina Brown,128730,18551,12822,"Sydney, Australia",Finance,Product Manager,Hourly,26-12-2021
662,Jonathan Collins,107564,12594,6225,"Sydney, Australia",Operations,DevOps Engineer,Salary,04-07-2018
663,Adrienne Garcia,48408,2992,11423,"Sydney, Australia",HR,Marketing Lead,Contract,02-12-2022
664,Ana Wilson,82198,7752,6960,"London, UK",Marketing,Marketing Coordinator,Commission,10-10-2018
665,Dylan Thompson,87541,11721,9843,"Chicago, USA",IT,Marketing Lead,Salary + Bonus,09-06-2016
666,Victoria Wilkerson,53890,3226,6456,"Seattle, USA",Legal,Finance Analyst,Contract,31-05-2021
667,Tammy Hahn MD,101902,10608,13506,"Toronto, Canada",Sales,Sales Manager,Salary,28-02-2017
668,Abigail Thomas,88076,11814,9864,"New York, USA",Sales,Legal Counsel,Salary,16-09-2021
669,Vanessa Lee,139305,4522,12674,"Chicago, USA",IT,Marketing Coordinator,Salary,11-03-2022
670,Felicia Martinez,102608,13973,5952,"Austin, USA",Marketing,Senior Software Engineer,Salary + Bonus,02-02-2016
671,Candace Robinson,75694,3773,11171,"Seattle, USA",Marketing,Customer Support Specialist,Salary,01-12-2020
672,Chad Moss,45090,1870,9099,"Bengaluru, India",Operations,Sales Manager,Hourly,22-03-2023
673,Kenneth Henderson,104735,7995,9450,"Austin, USA",IT,Sales Manager,Commission,16-09-2022
674,Lisa Donaldson,68062,8183,10511,"Sydney, Australia",Marketing,Operations Manager,Salary,05-06-2016
675,Antonio Ball,122558,11538,5787,"London, UK",Product,Operations Manager,Salary,15-01-2021
676,Curtis Stewart,146024,8843,12704,"Toronto, Canada",R&D,Product Manager,Contract,04-06-2018
677,Deborah Erickson,118631,13646,7367,"San Francisco, USA",Sales,Software Engineer,Commission,22-02-2016
678,Linda Carroll,72074,5231,13230,"Seattle, USA",Legal,Finance Analyst,Contract,19-06-2017
679,Ashley Robertson,53505,1905,6760,"New York, USA",Legal,Software Engineer,Salary,24-07-2024
680,Brian Macdonald,77778,9806,14573,"Austin, USA",R&D,DevOps Engineer,Salary + Bonus,21-01-2021
681,Shannon Mercado,105641,15681,6021,"San Francisco, USA",Product,R&D Scientist,Contract,15-04-2021
682,Timothy Ramirez PhD,87895,9758,12634,"New York, USA",Product,Product Manager,Contract,03-10-2016
683,Alec West,137556,7146,12681,"Boston, USA",Finance,HR Coordinator,Salary + Bonus,06-07-2017
684,Tonya Delgado,46366,2225,9873,"Chicago, USA",Marketing,Legal Counsel,Salary,13-03-2019
685,Jason Sullivan,50866,5713,11520,"San Francisco, USA",Product,Software Engineer,Hourly,11-09-2017
686,Christopher Diaz,107149,13609,11807,"Seattle, USA",Customer Support,Software Engineer,Salary,22-01-2017
687,Julia Padilla,148675,4489,10002,"Austin, USA",HR,HR Coordinator,Salary + Bonus,06-06-2024
688,Katherine Smith,143804,17126,9192,"Bengaluru, India",HR,Sales Manager,Salary + Bonus,17-06-2021
689,Anthony Li,110224,13100,14615,"Sydney, Australia",Customer Support,Sales Representative,Commission,06-09-2024
690,Christy Morgan,42243,3628,7276,"New York, USA",Finance,Sales Manager,Commission,08-08-2019
691,Megan Morris,93883,12639,8142,"Seattle, USA",Legal,Marketing Coordinator,Salary + Bonus,30-11-2023
692,Christine Stanley,138900,10271,9918,"San Francisco, USA",HR,DevOps Engineer,Salary,07-03-2021
693,Taylor Dickerson,48051,5149,10019,"Toronto, Canada",Sales,Senior Software Engineer,Contract,05-09-2016
694,Gina Dawson DDS,54595,2778,10109,"Boston, USA",IT,Software Engineer,Salary + Bonus,22-04-2015
695,James Rodriguez,43900,6013,14889,"Seattle, USA",HR,HR Coordinator,Salary,17-06-2023
696,Joshua Lambert,62932,3549,9449,"Boston, USA",Operations,Customer Support Specialist,Contract,07-08-2019
697,Kathryn Kelly,90724,5036,9958,"Toronto, Canada",HR,HR Coordinator,Salary + Bonus,08-04-2017
698,Ryan Thompson,107662,7913,13840,"London, UK",Legal,Marketing Lead,Hourly,26-08-2015
699,Jennifer Mitchell,117585,8433,12564,"Seattle, USA",Finance,Marketing Lead,Salary + Bonus,14-07-2022
700,Julian Parker,55615,2596,7806,"Seattle, USA",Sales,Operations Manager,Hourly,16-05-2023
701,Bradley Acosta,71851,7925,11967,"Austin, USA",Customer Support,Sales Representative,Contract,30-10-2020
702,Kimberly Daniel,90684,5844,8883,"Sydney, Australia",Customer Support,Senior Software Engineer,Contract,16-07-2016
703,Aaron Huff,96561,6527,5868,"Bengaluru, India",Customer Support,Senior Software Engineer,Contract,18-03-2020
704,Vanessa Carpenter,93905,4061,11110,"Sydney, Australia",Customer Support,Marketing Lead,Salary,31-07-2018
705,Gregory Barnes,67110,9972,6020,"Chicago, USA",Customer Support,Software Engineer,Salary + Bonus,11-02-2016
706,Jenny Day,93942,12821,5459,"Austin, USA",Sales,Sales Representative,Salary,14-12-2016
707,Melinda Rodgers,48847,6460,6919,"Chicago, USA",Operations,Legal Counsel,Salary + Bonus,24-02-2020
708,John Blackwell,43307,6018,7308,"Sydney, Australia",Operations,DevOps Engineer,Hourly,29-09-2016
709,Courtney Miller,40505,3014,11114,"London, UK",Marketing,Marketing Coordinator,Salary + Bonus,28-10-2023
710,Austin Paul,74033,3074,12268,"Boston, USA",Marketing,Marketing Lead,Salary,29-11-2017
711,Joshua Fox,90018,6253,8727,"New York, USA",IT,Sales Representative,Salary,28-04-2019
712,Richard Caldwell,75048,9111,5309,"Seattle, USA",Sales,Marketing Coordinator,Salary + Bonus,03-09-2021
713,Aaron Walters,45243,6008,10551,"London, UK",R&D,Finance Analyst,Salary + Bonus,05-03-2018
714,Carol Kent,40007,1871,14400,"Seattle, USA",Product,Software Engineer,Contract,19-12-2019
715,James Vasquez,130432,13996,6900,"New York, USA",HR,HR Coordinator,Commission,28-11-2016
716,Ryan Dominguez,73982,2624,11785,"Boston, USA",IT,Finance Analyst,Contract,09-07-2022
717,Sarah Perez,117037,8830,7096,"Bengaluru, India",Marketing,DevOps Engineer,Commission,17-06-2016
718,Stephen Rivas,113121,10392,7595,"Austin, USA",R&D,Sales Representative,Contract,05-12-2017
719,Katie Tran,83792,11619,14079,"San Francisco, USA",Sales,Finance Analyst,Contract,08-12-2015
720,Kristin Ward,145650,20177,7002,"San Francisco, USA",Sales,Marketing Coordinator,Salary + Bonus,21-04-2015
721,Candice Warner,118522,7341,8006,"Boston, USA",Customer Support,R&D Scientist,Contract,30-08-2024
722,Jennifer Ortiz,116225,5824,11554,"San Francisco, USA",R&D,HR Coordinator,Salary,02-12-2021
723,Angela Dawson,83367,7082,13554,"Seattle, USA",HR,Operations Manager,Contract,20-05-2016
724,Krystal Harris,54507,3350,14342,"Toronto, Canada",Sales,Senior Software Engineer,Salary + Bonus,19-10-2022
725,Brooke Smith,75509,8600,6633,"New York, USA",Customer Support,Marketing Coordinator,Hourly,22-06-2018
726,Karen Banks,50329,1640,14751,"London, UK",Marketing,R&D Scientist,Hourly,13-12-2021
727,James Murphy,121421,14872,11826,"New York, USA",Operations,R&D Scientist,Salary,10-09-2021
728,John Vega,45669,5216,14532,"San Francisco, USA",HR,Customer Support Specialist,Salary,12-10-2018
729,Yvonne Baker,72233,3206,11556,"Bengaluru, India",HR,Operations Manager,Commission,29-02-2016
730,Terry Garcia,108073,13920,12061,"Boston, USA",Legal,Product Manager,Hourly,05-07-2020
731,Teresa Sparks,138679,10757,12156,"New York, USA",Product,Sales Manager,Salary,14-03-2022
732,Linda Solis,70431,7657,6995,"Boston, USA",R&D,Software Engineer,Commission,22-05-2022
733,Dennis Thomas,136206,10432,9234,"New York, USA",Marketing,R&D Scientist,Commission,07-09-2016
734,David Andrade,86888,4824,10191,"Chicago, USA",Sales,Operations Manager,Commission,18-12-2017
735,Micheal Robertson,58513,8300,7383,"Seattle, USA",Marketing,Senior Software Engineer,Contract,14-01-2015
736,Christopher Moran,98451,11463,9553,"San Francisco, USA",Operations,Marketing Coordinator,Contract,26-08-2022
737,Sharon King,108842,15913,7924,"London, UK",IT,Marketing Lead,Hourly,22-12-2015
738,Christopher Payne,49452,2262,10958,"Toronto, Canada",Operations,Software Engineer,Salary,10-08-2018
739,Jaclyn Walker,96800,3713,8001,"Bengaluru, India",Sales,HR Coordinator,Contract,10-05-2020
740,Jeffrey Sutton,51139,5378,12150,"Seattle, USA",Operations,Sales Representative,Salary,01-07-2022
741,Christopher Johnson,114211,12187,7639,"Sydney, Australia",Customer Support,Sales Manager,Salary,03-03-2022
742,Thomas Potter,97665,12101,6438,"Toronto, Canada",Finance,HR Coordinator,Salary + Bonus,02-11-2021
743,Rachel Hunt,70956,9566,7896,"New York, USA",IT,Marketing Coordinator,Salary,12-11-2024
744,Patricia Smith,85374,2952,6467,"London, UK",Customer Support,Senior Software Engineer,Contract,21-03-2024
745,Kelsey Williams,103177,9935,10576,"New York, USA",Product,Finance Analyst,Salary + Bonus,31-05-2024
746,Micheal Brewer,72785,10656,6378,"New York, USA",IT,Sales Manager,Salary + Bonus,28-02-2018
747,James White,147501,10351,10824,"Chicago, USA",Sales,Sales Manager,Salary + Bonus,16-04-2015
748,Adrian Weeks,43463,6299,10358,"Bengaluru, India",Finance,Marketing Lead,Commission,22-07-2018
749,Krystal Pearson,110182,11372,9913,"Bengaluru, India",Sales,Marketing Coordinator,Salary + Bonus,11-09-2024
750,Derek Gonzalez,65411,5605,8815,"Sydney, Australia",R&D,Product Manager,Commission,30-04-2018
751,Scott Griffin,66128,9419,8677,"Boston, USA",Operations,Marketing Coordinator,Hourly,27-05-2023
752,Helen Lowery,110066,16407,14170,"San Francisco, USA",Sales,Product Manager,Contract,08-04-2022
753,Jason Howard,109648,12763,14721,"Boston, USA",Finance,Marketing Lead,Salary + Bonus,19-08-2016
754,Karen Kim,103666,5051,8358,"Boston, USA",Finance,Sales Representative,Contract,12-01-2019
755,Kristin Little,70369,9161,6670,"Boston, USA",Marketing,R&D Scientist,Salary + Bonus,18-03-2023
756,Kathryn Ochoa,46656,1671,9190,"London, UK",R&D,Finance Analyst,Salary + Bonus,18-12-2024
757,Sabrina Rios,128940,14280,12892,"Chicago, USA",Product,Operations Manager,Commission,15-04-2023
758,Jamie Johnson,105764,5307,14925,"Austin, USA",HR,HR Coordinator,Commission,21-04-2018
759,Karen Phillips,80880,3784,9873,"Seattle, USA",Operations,Software Engineer,Contract,23-07-2022
760,Heidi Silva,74277,5679,9471,"Chicago, USA",HR,Software Engineer,Contract,14-09-2023
761,Melinda Lane,121886,16009,14217,"San Francisco, USA",HR,Software Engineer,Salary + Bonus,05-10-2017
762,Daniel Morgan,98263,4294,7931,"New York, USA",Product,Senior Software Engineer,Hourly,16-05-2024
763,Justin Davis,101909,15071,14595,"San Francisco, USA",Finance,DevOps Engineer,Hourly,29-07-2024
764,Karen Bell,123011,15030,11778,"Bengaluru, India",Sales,Sales Manager,Commission,23-10-2015
765,Robert Russell,129411,17609,8006,"Austin, USA",IT,HR Coordinator,Salary + Bonus,20-04-2015
766,Andrea Gray,64553,3338,11822,"Toronto, Canada",Operations,DevOps Engineer,Contract,14-02-2023
767,Kaitlyn Cook,53736,6388,5928,"Toronto, Canada",Operations,HR Coordinator,Salary,09-12-2023
768,Aaron Watts,100703,8231,8806,"London, UK",Marketing,Customer Support Specialist,Salary,22-11-2022
769,Bridget Taylor,71730,10294,11368,"Toronto, Canada",Finance,Senior Software Engineer,Contract,20-06-2022
770,Micheal Williams,57440,8007,5708,"Boston, USA",Legal,Legal Counsel,Salary,02-06-2020
771,Timothy Brown,132589,5857,13614,"Seattle, USA",HR,Senior Software Engineer,Contract,30-10-2016
772,Julie Flynn,110531,8272,5109,"Bengaluru, India",Finance,Finance Analyst,Salary + Bonus,20-10-2016
773,John Price,147467,17978,9839,"London, UK",Sales,Marketing Lead,Salary + Bonus,21-06-2018
774,Rebekah Michael,56221,3301,6055,"Austin, USA",Product,HR Coordinator,Salary + Bonus,10-04-2016
775,Richard Davis,74304,10931,10768,"Austin, USA",Marketing,Operations Manager,Salary,05-12-2016
776,Brian Sweeney,59008,7852,12935,"Chicago, USA",Customer Support,Sales Manager,Contract,07-10-2016
777,Sarah Allen,95769,14300,12428,"Bengaluru, India",Legal,Software Engineer,Salary,17-01-2024
778,Stephanie Mckinney,56492,4658,8604,"Sydney, Australia",Product,Senior Software Engineer,Salary,07-11-2022
779,Miss Jennifer Valencia MD,126499,7962,14321,"Sydney, Australia",Finance,Marketing Lead,Salary,03-12-2015
780,Troy Blackburn,148039,5345,5634,"Boston, USA",HR,Product Manager,Salary,05-07-2020
781,Wendy Mason,124970,15770,6591,"Seattle, USA",Legal,Sales Manager,Commission,10-03-2016
782,Jose Gill,105726,6792,12230,"Sydney, Australia",HR,Software Engineer,Salary,16-08-2019
783,Antonio Knight,102441,4095,6142,"Bengaluru, India",IT,Software Engineer,Hourly,17-08-2018
784,April Powell,104481,6157,10522,"Toronto, Canada",HR,Marketing Coordinator,Salary + Bonus,22-08-2020
785,Jessica Peterson,79015,3253,8894,"Boston, USA",Finance,Customer Support Specialist,Hourly,26-09-2016
786,Julie Gray,138960,20768,8070,"Austin, USA",Finance,Marketing Coordinator,Hourly,04-06-2021
787,Natalie Ward,118705,4057,11170,"Chicago, USA",Product,Software Engineer,Hourly,17-11-2019
788,Joshua Green Jr.,91031,12324,10659,"Sydney, Australia",HR,Marketing Coordinator,Hourly,05-07-2024
789,Whitney Gill,50600,2646,5357,"Boston, USA",Customer Support,Product Manager,Contract,18-02-2023
790,Natalie Marquez,139034,5021,8651,"Sydney, Australia",Operations,Product Manager,Salary,31-08-2020
791,Tammy Lewis,77328,10967,14718,"Toronto, Canada",R&D,Product Manager,Salary + Bonus,19-11-2018
792,Elizabeth Pitts,107050,5976,5528,"London, UK",R&D,Finance Analyst,Hourly,24-09-2022
793,Caroline Gray,82962,10045,13378,"London, UK",Sales,Finance Analyst,Hourly,24-09-2023
794,Sean Davis,109070,15916,8862,"Boston, USA",Legal,Marketing Lead,Contract,09-07-2023
795,Benjamin Stone,59967,5445,14114,"Toronto, Canada",Finance,Product Manager,Contract,16-09-2019
796,Angela Castillo,92991,9081,6021,"Bengaluru, India",Marketing,Marketing Coordinator,Contract,09-09-2022
797,Stephanie Diaz MD,113368,9190,6709,"Sydney, Australia",IT,Sales Representative,Salary + Bonus,09-04-2021
798,Christine Neal,104052,14387,14878,"Austin, USA",HR,DevOps Engineer,Commission,30-10-2022
799,Bryan Carpenter,88472,4917,14667,"Seattle, USA",Operations,Product Manager,Salary,15-06-2021
800,Brenda Lopez,41501,2708,13734,"Boston, USA",Legal,Finance Analyst,Salary + Bonus,25-03-2024
801,Mary Nelson,92778,7868,14981,"Chicago, USA",Legal,Marketing Coordinator,Hourly,16-05-2016
802,Alan Chambers,122674,8709,5211,"London, UK",IT,Legal Counsel,Hourly,23-10-2021
803,Elizabeth Hall,83634,12343,13805,"Austin, USA",Legal,Customer Support Specialist,Salary + Bonus,02-07-2015
804,Brenda Joseph,42707,3142,6974,"Chicago, USA",Legal,Sales Representative,Commission,15-12-2016
805,Erika Small,90445,7920,10259,"Sydney, Australia",IT,Marketing Lead,Contract,18-03-2017
806,Nancy Smith,57961,3626,11769,"Seattle, USA",Operations,Senior Software Engineer,Commission,09-10-2017
807,Mr. Ethan White,69718,2715,11168,"Sydney, Australia",Legal,Operations Manager,Salary + Bonus,22-10-2024
808,Caroline Gillespie,90223,6914,10462,"Boston, USA",Sales,Sales Representative,Salary,23-11-2018
809,Claudia Lopez,61155,2050,14521,"New York, USA",HR,Marketing Coordinator,Salary,02-06-2021
810,Robert Austin MD,133624,9692,9817,"Seattle, USA",IT,Software Engineer,Contract,25-11-2022
811,Makayla Buck,111245,12506,14616,"Toronto, Canada",Customer Support,Finance Analyst,Hourly,20-04-2019
812,Christian Hudson,98816,8862,9165,"Seattle, USA",IT,Senior Software Engineer,Salary,28-02-2023
813,Michelle Monroe,86065,8379,10334,"Toronto, Canada",Customer Support,Marketing Coordinator,Commission,01-05-2016
814,Russell Clark,90047,12128,10981,"Seattle, USA",Customer Support,Legal Counsel,Hourly,05-11-2023
815,Barbara Morse,94839,7192,10835,"Seattle, USA",IT,Operations Manager,Contract,03-04-2022
816,Maria Harris,124785,15720,7105,"Toronto, Canada",Product,Sales Representative,Hourly,20-05-2020
817,Carla Pittman,75826,7597,14353,"Sydney, Australia",HR,DevOps Engineer,Hourly,31-10-2022
818,Devin Holloway,62030,6244,9808,"London, UK",Operations,Finance Analyst,Salary,28-02-2018
819,Daniel Schaefer,59272,8813,8581,"Seattle, USA",Customer Support,Customer Support Specialist,Commission,16-09-2016
820,Brittany Ferguson,88277,8603,7070,"San Francisco, USA",Operations,Software Engineer,Salary + Bonus,05-11-2018
821,Diane Larson,43794,4651,14644,"London, UK",Sales,DevOps Engineer,Salary,07-01-2024
822,Tammy Owens,128811,9151,14417,"Sydney, Australia",Operations,DevOps Engineer,Commission,05-07-2016
823,Robert Booth,71708,6331,7589,"Seattle, USA",Customer Support,Marketing Lead,Salary,30-03-2017
824,Bryan Bass,66043,6003,5325,"Sydney, Australia",Operations,Senior Software Engineer,Commission,09-04-2022
825,Amy Wilson,117495,4246,11249,"Toronto, Canada",Sales,Legal Counsel,Salary + Bonus,14-07-2019
826,Randy Smith,125230,9921,9151,"Bengaluru, India",IT,Legal Counsel,Salary,10-07-2019
827,Jennifer Schultz,82844,2847,9278,"Toronto, Canada",Finance,Sales Representative,Hourly,12-12-2017
828,Kelly Aguirre,111726,7379,14931,"Boston, USA",IT,Customer Support Specialist,Salary + Bonus,10-06-2024
829,Brian Lopez,134187,9175,9919,"London, UK",Finance,R&D Scientist,Salary + Bonus,02-05-2023
830,Kimberly Greene,108936,4875,5779,"San Francisco, USA",Sales,Senior Software Engineer,Salary + Bonus,16-05-2018
831,Sherri Marshall,95103,4733,9007,"London, UK",Operations,DevOps Engineer,Hourly,03-05-2023
832,James Gordon,124872,7213,12539,"Boston, USA",Product,Legal Counsel,Hourly,04-10-2018
833,Kevin Sweeney,58881,3576,14603,"Boston, USA",Product,Customer Support Specialist,Hourly,24-02-2024
834,Wesley Walker,104602,9076,5528,"London, UK",R&D,R&D Scientist,Contract,28-12-2015
835,Julian Mccoy,90793,8186,12968,"Bengaluru, India",Operations,HR Coordinator,Commission,03-06-2016
836,Angela Booth,76505,9110,13724,"Boston, USA",Customer Support,Sales Representative,Contract,06-05-2018
837,Carla Buchanan,103850,15183,6670,"London, UK",Product,Legal Counsel,Commission,30-09-2021
838,Diane Gonzalez,134331,17076,5884,"London, UK",Finance,Legal Counsel,Commission,12-12-2016
839,Paul Cummings,80934,10829,5079,"Chicago, USA",HR,HR Coordinator,Hourly,03-01-2024
840,Lauren Santiago,124055,14972,14514,"Boston, USA",IT,HR Coordinator,Contract,24-02-2020
841,Erin Davis,121440,6105,5579,"Chicago, USA",Finance,Sales Representative,Salary + Bonus,02-05-2017
842,Robert Tyler,143051,20447,8049,"Boston, USA",IT,Customer Support Specialist,Hourly,10-11-2019
843,Theresa Walter,145792,17831,8980,"Chicago, USA",Operations,Finance Analyst,Hourly,24-07-2020
844,Jake Irwin,74524,10204,7964,"San Francisco, USA",IT,Senior Software Engineer,Salary,26-08-2015
845,Ashley Holmes,83580,3579,6601,"London, UK",Operations,Marketing Lead,Contract,30-01-2017
846,Cynthia Lopez,123329,9119,10281,"Bengaluru, India",R&D,Product Manager,Salary,24-05-2018
847,Andrea Berger,79162,6173,8278,"Chicago, USA",HR,R&D Scientist,Contract,11-01-2022
848,Tim Wilson,92873,7604,8046,"London, UK",R&D,Software Engineer,Contract,08-11-2020
849,Gregory Carrillo,54445,2001,6313,"London, UK",Legal,Finance Analyst,Commission,24-07-2024
850,Tracy Singleton,141750,14585,12484,"Boston, USA",Operations,Operations Manager,Salary + Bonus,12-09-2019
851,Dawn Roberts,148078,6947,6843,"Bengaluru, India",IT,Customer Support Specialist,Contract,13-12-2021
852,Amanda Johnson,40339,1946,12588,"Bengaluru, India",Customer Support,Senior Software Engineer,Salary,21-09-2022
853,Anthony Weber,76869,10510,13163,"London, UK",HR,HR Coordinator,Salary + Bonus,26-03-2017
854,Monique Sexton,102979,4367,11547,"London, UK",IT,Senior Software Engineer,Commission,12-03-2019
855,Todd Watts,103633,10648,13200,"Boston, USA",IT,R&D Scientist,Salary,30-10-2016
856,Deborah Davis,84127,6906,6586,"Seattle, USA",Product,Legal Counsel,Commission,06-01-2024
857,Jennifer Nguyen,64693,3631,13211,"Boston, USA",R&D,Product Manager,Salary,23-04-2021
858,Edward King,146031,18007,5933,"Boston, USA",HR,Finance Analyst,Contract,12-01-2019
859,Steven Mathis,94795,3864,14007,"Chicago, USA",IT,Sales Representative,Commission,19-08-2016
860,Michael Nelson,75774,6480,9060,"Austin, USA",Sales,Finance Analyst,Salary + Bonus,14-11-2018
861,Stephen Lopez,113236,12740,6650,"Sydney, Australia",R&D,Marketing Coordinator,Commission,13-07-2021
862,Joshua Wilson,96981,3555,9008,"Toronto, Canada",Product,Marketing Lead,Hourly,17-02-2018
863,Christopher Smith,112859,4025,11155,"Austin, USA",HR,Product Manager,Salary,17-01-2015
864,Anthony Paul,62674,8392,9142,"Seattle, USA",Operations,DevOps Engineer,Hourly,14-09-2022
865,Ashley Adkins,113943,4222,13032,"Bengaluru, India",R&D,R&D Scientist,Commission,12-04-2018
866,Michael Berger,106641,12465,7768,"Seattle, USA",Sales,Operations Manager,Hourly,17-11-2024
867,Andrea King,60653,3447,13967,"London, UK",Sales,HR Coordinator,Contract,23-10-2015
868,Jenny Thornton,136900,9273,10875,"London, UK",Sales,Marketing Coordinator,Salary + Bonus,14-09-2022
869,Scott Sanchez,80112,8000,12149,"London, UK",Sales,R&D Scientist,Hourly,18-09-2016
870,Jennifer Black,68340,8475,5461,"San Francisco, USA",Product,R&D Scientist,Salary + Bonus,10-07-2015
871,Brian David,140330,14380,5264,"London, UK",Marketing,Product Manager,Salary + Bonus,03-08-2020
872,Joseph Martin,58688,3872,7832,"Sydney, Australia",Finance,Senior Software Engineer,Hourly,06-11-2024
873,Denise King,124696,10835,10148,"Austin, USA",Customer Support,Operations Manager,Hourly,28-12-2022
874,Mr. Richard Newman PhD,114666,16735,13828,"Toronto, Canada",Finance,HR Coordinator,Commission,05-09-2022
875,Taylor Mitchell,114437,13165,8096,"Sydney, Australia",R&D,Customer Support Specialist,Hourly,24-10-2024
876,Brian Martinez,66623,2862,11363,"Seattle, USA",IT,HR Coordinator,Salary,23-09-2023
877,Jessica Brown,73485,10689,13226,"London, UK",Sales,Software Engineer,Contract,08-05-2023
878,Steve Watkins,78671,9330,12118,"Toronto, Canada",Finance,HR Coordinator,Salary,23-07-2019
879,Patricia Shelton,135264,13797,13652,"Austin, USA",Sales,Sales Representative,Salary,05-12-2015
880,Erik Martin,134338,9200,6472,"Austin, USA",Legal,R&D Scientist,Salary + Bonus,01-04-2018
881,Sarah Hernandez,54696,1876,5851,"Boston, USA",HR,Customer Support Specialist,Salary + Bonus,17-06-2018
882,Mike Curtis,55275,8052,8481,"Austin, USA",Operations,Sales Representative,Contract,07-08-2015
883,Laura Koch,57821,3666,11493,"Boston, USA",Sales,Software Engineer,Salary + Bonus,27-12-2017
884,Arthur Smith,52417,4607,13232,"Austin, USA",Legal,Marketing Lead,Salary,01-11-2024
885,Harry Hudson,69264,6521,13663,"Toronto, Canada",Product,Operations Manager,Commission,29-11-2018
886,Elizabeth Fisher,111301,6144,13334,"New York, USA",Finance,Software Engineer,Salary + Bonus,09-04-2023
887,Dorothy Lane,137963,19497,7795,"Chicago, USA",Marketing,Senior Software Engineer,Contract,16-12-2023
888,Zachary Avila,48113,5002,12942,"Toronto, Canada",Sales,HR Coordinator,Hourly,04-04-2020
889,Jesus Sandoval,143387,16595,6286,"Chicago, USA",Finance,Sales Representative,Commission,25-02-2024
890,Wendy Garcia,64029,5455,8493,"Seattle, USA",R&D,HR Coordinator,Commission,07-10-2022
891,Jake Clements,75975,9809,9203,"Bengaluru, India",IT,Customer Support Specialist,Contract,01-03-2024
892,Ashley Davenport,147145,11959,6042,"New York, USA",Finance,Finance Analyst,Contract,22-05-2015
893,Joanne Taylor,138437,4661,10704,"New York, USA",R&D,Marketing Coordinator,Commission,10-01-2022
894,Wendy Johnson,99091,6550,8814,"New York, USA",Product,DevOps Engineer,Hourly,18-09-2024
895,Allison Brown,93203,4353,9639,"Chicago, USA",Operations,R&D Scientist,Commission,14-06-2017
896,Monica Hancock,42060,2475,10167,"Austin, USA",Legal,Software Engineer,Salary + Bonus,24-12-2023
897,Matthew Hopkins,107956,16175,9471,"Austin, USA",R&D,Sales Manager,Salary + Bonus,06-12-2019
898,Bryan Santos,55224,6877,11913,"Bengaluru, India",Operations,Operations Manager,Salary,01-12-2020
899,Karen Jacobs,131642,12901,8136,"Seattle, USA",Sales,Marketing Coordinator,Hourly,19-07-2024
900,Kyle Williams,133302,4251,11571,"San Francisco, USA",R&D,Operations Manager,Salary + Bonus,03-06-2024
901,Christopher Salas,130313,10115,5807,"London, UK",HR,Sales Representative,Salary + Bonus,10-04-2019
902,Sandra Frederick,122920,4205,9723,"San Francisco, USA",Customer Support,DevOps Engineer,Commission,15-01-2018
903,Michael Frost,125813,15014,6052,"Chicago, USA",IT,Senior Software Engineer,Contract,16-03-2023
904,Matthew Navarro,106026,13832,11970,"Bengaluru, India",Customer Support,Operations Manager,Contract,21-06-2018
905,Dr. Lori Christian DVM,82301,8699,8919,"London, UK",Product,Legal Counsel,Salary + Bonus,06-10-2022
906,Amanda Bennett,109120,11385,14568,"New York, USA",Customer Support,Software Engineer,Contract,03-05-2022
907,Mary Lynn,120166,6958,8142,"New York, USA",Sales,Sales Representative,Contract,23-10-2024
908,Diane Powell,98326,13960,7350,"Bengaluru, India",Product,Sales Representative,Contract,24-03-2017
909,Christine Mueller,122704,11882,14993,"San Francisco, USA",Operations,Operations Manager,Salary,25-06-2019
910,Veronica Murphy,40451,3225,14820,"London, UK",Finance,Product Manager,Commission,30-06-2022
911,Krista Rhodes,93479,13025,5797,"London, UK",Customer Support,Software Engineer,Salary + Bonus,20-08-2023
912,Randall Smith,92096,8163,11115,"Toronto, Canada",Legal,Sales Manager,Hourly,26-07-2023
913,David Oliver,85398,12455,9129,"San Francisco, USA",Customer Support,Sales Representative,Hourly,05-09-2022
914,David Garcia,108457,12751,5488,"Toronto, Canada",Product,HR Coordinator,Hourly,11-03-2020
915,Molly Martin,85807,4077,7463,"Toronto, Canada",R&D,DevOps Engineer,Commission,20-11-2015
916,Amy Mclaughlin,119558,13671,6465,"London, UK",Product,Finance Analyst,Contract,24-06-2019
917,Richard Mills,131804,5275,9280,"Boston, USA",IT,Operations Manager,Salary + Bonus,10-07-2016
918,Phillip Turner,49848,4064,11585,"Seattle, USA",Customer Support,Finance Analyst,Contract,08-11-2024
919,Stacey Goodwin,94112,4337,13140,"London, UK",R&D,R&D Scientist,Contract,07-09-2023
920,Wesley Guerra,97328,3544,7245,"Toronto, Canada",HR,Product Manager,Hourly,14-11-2015
921,Justin Monroe,57716,7017,13796,"Austin, USA",Customer Support,Marketing Lead,Contract,18-01-2016
922,Brooke Cooper,44424,1400,7058,"Chicago, USA",Finance,Product Manager,Commission,10-01-2021
923,Matthew Diaz,115983,17064,11380,"Toronto, Canada",Legal,R&D Scientist,Salary,01-04-2017
924,Kyle Brown,79612,7688,12308,"Boston, USA",Operations,Product Manager,Salary,27-04-2015
925,Michael Joyce,72305,5913,9241,"Chicago, USA",IT,Marketing Lead,Salary + Bonus,02-05-2018
926,Veronica Moore,98034,8726,6409,"Boston, USA",Finance,R&D Scientist,Commission,25-10-2018
927,Maria Simmons,75083,10345,12884,"Sydney, Australia",Operations,Software Engineer,Contract,03-06-2020
928,Eric Logan,127914,12223,11304,"Austin, USA",R&D,Marketing Lead,Commission,23-08-2020
929,Charles Gray,53077,4044,9672,"Sydney, Australia",Product,DevOps Engineer,Hourly,11-11-2022
930,Ronald Miller,72378,7784,7572,"Seattle, USA",Finance,Product Manager,Salary,31-10-2017
931,Robert Cortez,52447,4578,8216,"Boston, USA",Operations,Product Manager,Hourly,18-08-2017
932,Angie Smith,53879,3808,8207,"Chicago, USA",Finance,HR Coordinator,Commission,02-08-2018
933,Phillip Pratt,103568,13124,11350,"New York, USA",HR,R&D Scientist,Commission,29-04-2023
934,Jason Turner,56063,2813,8454,"New York, USA",Finance,Sales Manager,Salary + Bonus,02-10-2017
935,Patrick Watson,74540,6380,7993,"London, UK",R&D,Product Manager,Hourly,18-12-2015
936,Lauren Johnson,109577,16134,7110,"Austin, USA",IT,R&D Scientist,Contract,12-09-2024
937,Zachary Taylor,120971,8367,13693,"Seattle, USA",Sales,HR Coordinator,Commission,01-06-2022
938,John Smith,113617,9044,5481,"New York, USA",Marketing,Senior Software Engineer,Salary + Bonus,27-09-2016
939,Jennifer Mora,91377,6556,9431,"Chicago, USA",Operations,Customer Support Specialist,Salary,07-02-2022
940,James Roberts,137289,18501,10159,"New York, USA",Product,Marketing Lead,Hourly,07-05-2016
941,Kimberly Foster,50355,4385,14379,"San Francisco, USA",Finance,Software Engineer,Commission,09-11-2017
942,Matthew Tucker,99685,8078,6544,"Austin, USA",Marketing,Senior Software Engineer,Hourly,23-05-2020
943,Madison Colon,100712,13349,13576,"Bengaluru, India",Customer Support,Senior Software Engineer,Salary,08-11-2021
944,Misty Alvarez,102341,13543,11311,"Austin, USA",Legal,Operations Manager,Salary + Bonus,08-07-2024
945,Matthew Vargas IV,105729,3569,12160,"Austin, USA",Customer Support,Sales Manager,Salary + Bonus,03-05-2016
946,Jenna Meza,46258,3114,9806,"New York, USA",HR,Operations Manager,Salary,24-02-2021
947,John Randall,90918,8171,10554,"Boston, USA",Finance,R&D Scientist,Hourly,12-12-2020
948,Michaela Phillips,107136,13869,11482,"Toronto, Canada",Legal,Marketing Lead,Contract,19-09-2018
949,Kyle Anderson,119065,15136,6601,"Bengaluru, India",Product,Finance Analyst,Contract,17-06-2017
950,Danny Martinez,129251,12252,13611,"Toronto, Canada",HR,Senior Software Engineer,Salary + Bonus,16-08-2015
951,Jessica Frost,51256,2425,10794,"London, UK",Finance,Marketing Coordinator,Salary,05-01-2015
952,Darlene Padilla,79754,10764,10750,"Boston, USA",Customer Support,Operations Manager,Contract,15-06-2017
953,Anthony Webster,52699,6351,6415,"Sydney, Australia",Product,Marketing Coordinator,Hourly,02-04-2024
954,Lindsey Myers,123781,5002,9589,"Bengaluru, India",Sales,Sales Representative,Salary + Bonus,30-10-2015
955,Joseph Rowe,95168,12048,12161,"Bengaluru, India",Finance,Operations Manager,Salary,28-10-2022
956,Frank Mann,115379,4663,9155,"New York, USA",Marketing,Customer Support Specialist,Contract,06-01-2018
957,Mia Lewis,47137,6973,13026,"San Francisco, USA",Sales,DevOps Engineer,Salary,11-02-2017
958,Yolanda Duncan,91384,9702,5451,"Sydney, Australia",Marketing,Legal Counsel,Commission,30-05-2017
959,April Burch,121878,4309,14742,"New York, USA",Operations,Sales Representative,Contract,24-08-2016
960,James Patterson,120431,11252,13113,"New York, USA",Customer Support,Sales Manager,Commission,29-11-2024
961,Heather Massey,125640,7827,12171,"Sydney, Australia",R&D,Sales Representative,Salary,18-08-2016
962,Justin Harrington,133316,17566,9720,"Toronto, Canada",Product,Marketing Coordinator,Contract,12-02-2019
963,Evan Gregory,125298,9097,10248,"Seattle, USA",Sales,HR Coordinator,Salary + Bonus,26-07-2022
964,Karen Middleton,98564,10879,13047,"Chicago, USA",R&D,Sales Representative,Contract,23-07-2018
965,Darin Campos,73866,6199,6180,"Austin, USA",Finance,Marketing Coordinator,Hourly,29-10-2016
966,Taylor Medina,95845,6767,12708,"Austin, USA",Marketing,Finance Analyst,Salary + Bonus,22-07-2019
967,Colin Watkins,65398,3181,11027,"Boston, USA",IT,Operations Manager,Hourly,26-12-2023
968,Kimberly Simmons,110396,14419,12591,"Chicago, USA",Sales,Senior Software Engineer,Salary + Bonus,18-10-2023
969,George Walker,136046,6457,6043,"Chicago, USA",Marketing,Legal Counsel,Salary + Bonus,01-02-2021
970,Nancy Miller,119170,13103,14871,"Chicago, USA",R&D,Sales Manager,Salary + Bonus,18-10-2016
971,Brian Montgomery,124768,4474,11927,"Toronto, Canada",Legal,HR Coordinator,Commission,19-09-2016
972,Miguel Solis,47910,1943,7455,"Chicago, USA",Customer Support,Legal Counsel,Commission,19-12-2020
973,Shannon Dyer,141586,14480,12240,"Sydney, Australia",Customer Support,Marketing Coordinator,Salary,12-10-2020
974,William Coleman,103132,8773,14526,"Sydney, Australia",Marketing,DevOps Engineer,Salary,29-11-2016
975,Joshua Roach,92771,3545,12624,"Sydney, Australia",Legal,DevOps Engineer,Salary,17-06-2020
976,Joshua Golden,135542,14796,8966,"Austin, USA",Operations,Marketing Coordinator,Commission,30-11-2016
977,Ronald Watson,117988,8250,6916,"Sydney, Australia",IT,Legal Counsel,Contract,13-12-2020
978,Heather Johnson,60455,8377,7030,"San Francisco, USA",Marketing,Software Engineer,Hourly,10-12-2017
979,Brianna Kennedy MD,145568,20958,11277,"Boston, USA",Sales,Product Manager,Salary + Bonus,01-01-2019
980,Ryan Kelley,145353,19660,8752,"Seattle, USA",HR,Customer Support Specialist,Salary + Bonus,22-02-2019
981,Kimberly Guerrero,41126,6070,6050,"Bengaluru, India",Product,R&D Scientist,Salary,25-06-2020
982,Candice Anderson,121428,4793,11250,"London, UK",R&D,Finance Analyst,Commission,06-05-2020
983,Jacqueline Lawrence,133392,7565,11585,"Seattle, USA",IT,Senior Software Engineer,Contract,19-04-2024
984,Robert Pitts,59056,7030,10706,"Toronto, Canada",Customer Support,Marketing Coordinator,Contract,25-12-2021
985,Dana Meyer,90214,2938,5787,"Boston, USA",Marketing,Senior Software Engineer,Salary,24-11-2023
986,Michael Charles,117306,15112,8518,"Bengaluru, India",Legal,Legal Counsel,Commission,29-05-2016
987,Shannon Lopez,72498,7150,11096,"Seattle, USA",Product,Marketing Lead,Commission,09-12-2022
988,Kelly Munoz,46767,2843,14069,"Sydney, Australia",Customer Support,Software Engineer,Commission,06-02-2017
989,Joseph Cabrera,137383,14049,8542,"Seattle, USA",Operations,Marketing Coordinator,Hourly,10-01-2015
990,Mr. Duane Allen,118219,17629,14386,"Chicago, USA",Product,Product Manager,Salary + Bonus,05-01-2024
991,Timothy Lane,69694,8254,14605,"San Francisco, USA",Legal,Marketing Lead,Salary,10-08-2020
992,Angel Molina,78794,7666,8358,"New York, USA",Marketing,Senior Software Engineer,Hourly,01-11-2023
993,Richard Mcdowell,147377,18681,7390,"London, UK",Operations,Sales Manager,Salary,15-10-2016
994,Aaron Owens,79912,11781,13328,"Boston, USA",Sales,Marketing Lead,Salary,21-10-2021
995,David Allen,106673,10022,10739,"Boston, USA",IT,Software Engineer,Contract,14-10-2019
996,Alan Lynch,147790,21748,5497,"Bengaluru, India",Finance,Customer Support Specialist,Salary + Bonus,26-03-2015
997,Douglas Eaton,44730,1984,9695,"New York, USA",Customer Support,Operations Manager,Hourly,20-08-2018
998,Melissa Gomez,78789,6727,13426,"San Francisco, USA",IT,Finance Analyst,Hourly,22-05-2023
999,Marcus Rodriguez,104982,15271,10340,"Austin, USA",Customer Support,Sales Representative,Contract,25-03-2021
1000,Samuel Cox,126667,6698,10432,"Toronto, Canada",Product,Operations Manager,Contract,03-10-2015
1001,Christopher Jones II,122095,8256,9837,"New York, USA",Marketing,Marketing Coordinator,Commission,24-04-2015
1002,Michael Powell,62559,5642,7351,"San Francisco, USA",Legal,Sales Representative,Contract,30-04-2018
1003,Marcus Drake,142113,16012,12927,"Sydney, Australia",R&D,DevOps Engineer,Salary + Bonus,14-10-2021
1004,Carolyn Green,85175,6504,9213,"Sydney, Australia",Product,DevOps Engineer,Hourly,02-09-2018
1005,Charles Hunter DVM,124639,7922,13822,"Chicago, USA",Product,DevOps Engineer,Hourly,29-05-2019
1006,Heather Vargas,54377,3686,6839,"Boston, USA",Operations,Legal Counsel,Contract,08-08-2020
1007,Gregory Miles,101363,3449,12196,"Toronto, Canada",Operations,Marketing Lead,Hourly,04-12-2016
1008,Carlos Hernandez,57723,6903,9095,"Seattle, USA",IT,Senior Software Engineer,Hourly,17-10-2018
1009,Joshua Pennington,95237,7742,12772,"Seattle, USA",HR,Software Engineer,Salary + Bonus,17-02-2018
1010,Chelsea Bradley,41824,1276,7849,"London, UK",Sales,HR Coordinator,Commission,24-12-2020
1011,Nicholas Orr,87538,9915,6666,"San Francisco, USA",Product,Legal Counsel,Commission,14-11-2019
1012,Connie Davis,106836,5328,10328,"New York, USA",IT,Sales Representative,Salary,11-07-2016
1013,Heather Porter,75922,9380,7620,"Seattle, USA",Customer Support,Sales Representative,Salary,05-10-2024
1014,Chad Mercado,45968,2591,11219,"Bengaluru, India",Finance,Legal Counsel,Contract,21-12-2024
1015,Michele Foley,86952,5515,12551,"Austin, USA",Product,Senior Software Engineer,Salary + Bonus,31-03-2023
1016,David Casey,46782,3078,8097,"Boston, USA",Finance,Product Manager,Commission,10-11-2023
1017,Cynthia Gross,120659,6410,6133,"Seattle, USA",IT,DevOps Engineer,Commission,23-04-2020
1018,Andrea Sanders,67027,9046,10469,"San Francisco, USA",HR,Operations Manager,Salary,24-03-2023
1019,Patrick Brown,92639,2901,6911,"Chicago, USA",Operations,Finance Analyst,Hourly,03-06-2023
1020,Morgan Wilson,86713,12325,9196,"Sydney, Australia",Marketing,Sales Representative,Salary,12-01-2023
1021,Misty May,109351,14532,8328,"Bengaluru, India",Product,Operations Manager,Hourly,26-11-2024
1022,Joan Fuller,109450,16242,7600,"Toronto, Canada",Operations,R&D Scientist,Contract,01-10-2018
1023,Brandon Brown,62476,3724,9442,"Seattle, USA",Operations,Software Engineer,Contract,29-03-2015
1024,Elizabeth Torres,71787,5185,8624,"London, UK",HR,Operations Manager,Contract,10-03-2024
1025,Leslie Barnes,147276,7491,14242,"New York, USA",IT,Sales Manager,Hourly,04-03-2018
1026,Jeremy Wood,114371,14614,7619,"Sydney, Australia",HR,Operations Manager,Contract,28-11-2019
1027,Julia Ward,142408,20736,11147,"Boston, USA",Customer Support,Sales Representative,Salary,05-08-2023
1028,Samuel Reynolds,43996,6170,10108,"Bengaluru, India",R&D,Marketing Coordinator,Salary + Bonus,04-07-2020
1029,Jack Williams,52739,7728,5259,"New York, USA",Operations,HR Coordinator,Salary + Bonus,27-05-2022
1030,Beverly Brown,89316,3477,7936,"Boston, USA",Sales,R&D Scientist,Hourly,07-02-2022
1031,Philip Cooper,132840,12528,7464,"Chicago, USA",Product,Marketing Lead,Hourly,21-10-2015
1032,Mr. Thomas Schmidt,109985,8303,6375,"Seattle, USA",Finance,R&D Scientist,Salary + Bonus,26-12-2020
1033,Michael Swanson,128626,18110,9951,"Chicago, USA",Finance,Operations Manager,Commission,21-10-2024
1034,Christine Wolfe,131600,8044,7456,"Chicago, USA",Sales,R&D Scientist,Hourly,21-03-2017
1035,Kimberly Stewart,132229,15406,10902,"San Francisco, USA",Legal,R&D Scientist,Commission,11-06-2023
1036,Brian Jones,88991,3603,9814,"Austin, USA",Operations,Marketing Coordinator,Contract,02-10-2021
1037,Brian Dougherty,69446,9798,10281,"Bengaluru, India",Operations,Software Engineer,Contract,23-01-2024
1038,Stanley Anderson,54163,5731,12418,"Seattle, USA",R&D,Finance Analyst,Hourly,09-04-2022
1039,Katie Grant,128459,12188,12114,"San Francisco, USA",Finance,Software Engineer,Salary,12-10-2020
1040,Ana Thomas,118097,9317,10251,"San Francisco, USA",Customer Support,Product Manager,Contract,29-12-2018
1041,Tara Garcia,125907,15974,11843,"Toronto, Canada",Marketing,Sales Representative,Commission,27-01-2017
1042,Patricia Elliott,126171,16214,11689,"London, UK",Legal,Customer Support Specialist,Salary,07-07-2022
1043,Olivia Anderson MD,83882,7438,6700,"Bengaluru, India",Marketing,Customer Support Specialist,Salary + Bonus,09-06-2017
1044,Tiffany Jackson,65187,6231,10277,"Boston, USA",HR,Finance Analyst,Commission,03-02-2020
1045,Tabitha Hull,100052,11432,10219,"Austin, USA",Legal,Software Engineer,Salary,17-05-2022
1046,Kim Bates,78093,9395,5734,"Seattle, USA",R&D,Customer Support Specialist,Hourly,18-01-2017
1047,Victoria Baker,44846,2470,11584,"Toronto, Canada",Legal,Legal Counsel,Salary,07-12-2024
1048,Katie Miller,74558,6705,9804,"Sydney, Australia",Product,Product Manager,Salary + Bonus,20-12-2023
1049,Brett Stewart,117488,8710,7176,"Bengaluru, India",R&D,Legal Counsel,Salary + Bonus,15-11-2018
1050,Kristen Flores,103400,8645,12471,"Seattle, USA",R&D,Product Manager,Commission,08-06-2021
1051,Kendra Frank,108812,4464,8545,"Seattle, USA",Legal,Sales Representative,Salary,29-11-2023
1052,Christopher Guerrero,70824,3228,14982,"Boston, USA",Finance,HR Coordinator,Salary,07-11-2018
1053,Cassandra Hampton,109603,15297,14304,"Bengaluru, India",IT,R&D Scientist,Commission,11-05-2019
1054,Michelle Hill,108605,12474,11336,"Boston, USA",Finance,Marketing Coordinator,Contract,05-09-2020
1055,Benjamin Dougherty,65326,6027,10629,"Chicago, USA",Product,Marketing Lead,Hourly,01-08-2021
1056,Andrew Nunez,72963,8451,9571,"Seattle, USA",Customer Support,Marketing Lead,Contract,08-02-2021
1057,Brittany Stewart,110777,13687,12459,"Chicago, USA",IT,R&D Scientist,Contract,28-10-2020
1058,Kyle Harris,49610,2636,9170,"Sydney, Australia",HR,Marketing Lead,Salary,06-12-2022
1059,Kimberly Taylor,71400,5890,10654,"New York, USA",Product,Finance Analyst,Hourly,27-06-2018
1060,Tammy Wilson,147470,5706,7079,"Boston, USA",Product,Operations Manager,Salary + Bonus,08-07-2024
1061,Rachel Moore,69749,6396,13943,"Seattle, USA",Product,Sales Manager,Commission,26-12-2020
1062,Kelsey Doyle,148370,6170,6765,"Bengaluru, India",Marketing,Sales Representative,Salary + Bonus,09-08-2016
1063,Joshua Wagner,79316,3887,8531,"San Francisco, USA",Sales,Legal Counsel,Contract,22-07-2015
1064,Erin Baker,136785,10003,14939,"Bengaluru, India",Legal,Marketing Lead,Contract,08-01-2024
1065,Brandi Rodriguez,57160,6095,7248,"New York, USA",Sales,Marketing Lead,Commission,02-12-2021
1066,William Smith,122563,9232,12011,"New York, USA",R&D,Sales Manager,Salary,12-03-2022
1067,Tyler Whitehead,42473,5449,11131,"Seattle, USA",Customer Support,Software Engineer,Commission,12-11-2020
1068,Bailey Nelson,67562,9880,13719,"London, UK",Finance,DevOps Engineer,Commission,12-08-2018
1069,Ashley Baker PhD,66483,2298,11038,"Seattle, USA",Product,Sales Manager,Hourly,15-07-2021
1070,Victor Carr DDS,52400,2118,11262,"Boston, USA",Sales,R&D Scientist,Salary + Bonus,23-10-2018
1071,Jonathan Peters,83072,5496,12768,"London, UK",R&D,Customer Support Specialist,Contract,02-08-2015
1072,Robert Richardson,104787,5745,11618,"Toronto, Canada",Customer Support,Marketing Coordinator,Contract,19-12-2023
1073,Jackson Arellano,104443,7351,8857,"Chicago, USA",Operations,Customer Support Specialist,Salary,05-01-2020
1074,Monique Giles,46787,5637,5741,"Toronto, Canada",Product,Marketing Lead,Salary + Bonus,22-04-2023
1075,Michael Andrews,107701,8395,8399,"London, UK",Finance,R&D Scientist,Contract,11-03-2023
1076,Laura Hernandez,143004,18226,7918,"New York, USA",R&D,R&D Scientist,Contract,25-06-2018
1077,Leslie Eaton,105141,10470,7568,"Sydney, Australia",Sales,DevOps Engineer,Salary,28-10-2016
1078,Keith Lambert,77122,11098,12071,"Sydney, Australia",HR,HR Coordinator,Salary + Bonus,29-10-2021
1079,Nathan Fritz,107679,4888,10940,"Bengaluru, India",Customer Support,HR Coordinator,Salary,09-11-2020
1080,Dr. Stephen Odom,49244,6607,13327,"Sydney, Australia",R&D,Sales Manager,Salary + Bonus,27-08-2018
1081,Lindsay Gray,70607,10051,7424,"Seattle, USA",IT,HR Coordinator,Salary + Bonus,12-04-2023
1082,Stacey Miller,77590,5075,13397,"Boston, USA",Finance,Marketing Coordinator,Commission,31-01-2015
1083,Richard Henderson,104173,9695,13350,"Bengaluru, India",Product,Software Engineer,Salary + Bonus,02-08-2023
1084,Lisa Eaton,66057,8410,6352,"New York, USA",Finance,Marketing Lead,Salary,19-03-2023
1085,Charles Cohen,97926,11350,13151,"Toronto, Canada",Customer Support,Sales Manager,Hourly,17-12-2019
1086,Megan Smith,86117,4717,9331,"San Francisco, USA",Legal,DevOps Engineer,Contract,19-05-2022
1087,Deborah White,149874,5711,6498,"New York, USA",Customer Support,Legal Counsel,Salary,13-09-2015
1088,Philip Moss,92430,6150,5747,"San Francisco, USA",Sales,Legal Counsel,Salary + Bonus,20-02-2020
1089,Kimberly Walker,142977,21184,12509,"Toronto, Canada",Legal,Marketing Coordinator,Commission,26-04-2016
1090,Brooke Sanchez,120105,13202,9453,"Toronto, Canada",Product,DevOps Engineer,Hourly,29-10-2020
1091,Elizabeth Blair,123678,12058,5667,"Bengaluru, India",R&D,DevOps Engineer,Salary + Bonus,08-12-2017
1092,Jennifer Rice,110769,14810,6817,"Seattle, USA",Operations,Sales Manager,Contract,06-09-2019
1093,David Mathews,146158,21538,6519,"Boston, USA",Product,Marketing Lead,Salary + Bonus,29-01-2019
1094,Connie Holmes,113892,13076,12237,"Bengaluru, India",Sales,Sales Representative,Commission,18-03-2020
1095,Linda King,49337,5684,6929,"San Francisco, USA",R&D,Operations Manager,Commission,30-12-2020
1096,Robert Ross,88253,8124,13440,"London, UK",IT,Legal Counsel,Commission,09-01-2018
1097,Ernest Perez,67088,9130,5727,"Sydney, Australia",HR,Sales Manager,Contract,06-08-2021
1098,Jonathan Nelson,133274,9834,14232,"San Francisco, USA",Legal,Marketing Lead,Salary + Bonus,11-01-2024
1099,Kenneth Morgan,136365,18792,14434,"London, UK",Marketing,Senior Software Engineer,Commission,18-01-2019
1100,Jonathan Schwartz,62871,5508,12090,"New York, USA",Sales,Product Manager,Contract,12-10-2016
